{
  "madeIn": "SCESI UMSS",
  "semester": "1/2026",
  "support": "@willypaz243",
  "path": "2026-01",
  "code": 165221,
  "name": "BIOTECNOLOGIA",
  "url": "http://sagaa.fcyt.umss.edu.bo/pre_academico/horarios/165221.pdf",
  "updatet_at": "2026-02-10T19:25:00",
  "levels": [
    {
      "code": "A",
      "subjects": [
        {
          "code": 2008159,
          "name": "ALGEBRA",
          "groups": [
            {
              "code": "1",
              "schedule": [
                {
                  "day": "LU",
                  "start": "815",
                  "end": "945",
                  "duration": 2,
                  "room": "690A",
                  "teacher": "TAYLOR TERRAZAS DARLONG HOWARD",
                  "isClass": true
                },
                {
                  "day": "MI",
                  "start": "815",
                  "end": "945",
                  "duration": 2,
                  "room": "691E",
                  "teacher": "TAYLOR TERRAZAS DARLONG HOWARD",
                  "isClass": true
                },
                {
                  "day": "VI",
                  "start": "645",
                  "end": "815",
                  "duration": 2,
                  "room": "690A",
                  "teacher": "TAYLOR TERRAZAS DARLONG HOWARD",
                  "isClass": true
                }
              ],
              "teacher": "TAYLOR TERRAZAS DARLONG HOWARD"
            }
          ]
        },
        {
          "code": 2002004,
          "name": "BIOLOGIA GENERAL",
          "groups": [
            {
              "code": "1",
              "schedule": [
                {
                  "day": "LU",
                  "start": "1200",
                  "end": "1415",
                  "duration": 3,
                  "room": "608A",
                  "teacher": "FERNANDEZ TERRAZAS ERIKA",
                  "isClass": false
                },
                {
                  "day": "LU",
                  "start": "1845",
                  "end": "2015",
                  "duration": 2,
                  "room": "690A",
                  "teacher": "FERNANDEZ TERRAZAS ERIKA",
                  "isClass": true
                },
                {
                  "day": "MI",
                  "start": "1200",
                  "end": "1415",
                  "duration": 3,
                  "room": "608A",
                  "teacher": "FERNANDEZ TERRAZAS ERIKA",
                  "isClass": false
                },
                {
                  "day": "JU",
                  "start": "1200",
                  "end": "1415",
                  "duration": 3,
                  "room": "690A",
                  "teacher": "FERNANDEZ TERRAZAS ERIKA",
                  "isClass": true
                }
              ],
              "teacher": "FERNANDEZ TERRAZAS ERIKA"
            }
          ]
        },
        {
          "code": 2006063,
          "name": "FISICA GENERAL",
          "groups": [
            {
              "code": "A",
              "schedule": [
                {
                  "day": "MA",
                  "start": "1545",
                  "end": "1715",
                  "duration": 2,
                  "room": "692B",
                  "teacher": "CASTRO LAZARTE CECILIA BEATRIZ",
                  "isClass": true
                },
                {
                  "day": "MI",
                  "start": "1545",
                  "end": "1715",
                  "duration": 2,
                  "room": "692A",
                  "teacher": "CASTRO LAZARTE CECILIA BEATRIZ",
                  "isClass": true
                }
              ],
              "teacher": "CASTRO LAZARTE CECILIA BEATRIZ"
            },
            {
              "code": "A1",
              "schedule": [
                {
                  "day": "VI",
                  "start": "1115",
                  "end": "1245",
                  "duration": 2,
                  "room": "620",
                  "teacher": "[P] VASQUEZ CARRILLO MICHAEL HUASCAR",
                  "isClass": true
                }
              ],
              "teacher": "[P] VASQUEZ CARRILLO MICHAEL HUASCAR"
            },
            {
              "code": "A2",
              "schedule": [
                {
                  "day": "JU",
                  "start": "1415",
                  "end": "1545",
                  "duration": 2,
                  "room": "684L6",
                  "teacher": "[P] VASQUEZ CARRILLO MICHAEL HUASCAR",
                  "isClass": true
                }
              ],
              "teacher": "[P] VASQUEZ CARRILLO MICHAEL HUASCAR"
            }
          ]
        },
        {
          "code": 2004163,
          "name": "QUIMICA GENERAL",
          "groups": [
            {
              "code": "1",
              "schedule": [
                {
                  "day": "MA",
                  "start": "815",
                  "end": "1030",
                  "duration": 3,
                  "room": "614",
                  "teacher": "ALFARO DENUS GONZALO",
                  "isClass": false
                },
                {
                  "day": "JU",
                  "start": "945",
                  "end": "1200",
                  "duration": 3,
                  "room": "690A",
                  "teacher": "ROJAS CESPEDES JENNY",
                  "isClass": true
                }
              ],
              "teacher": "ROJAS CESPEDES JENNY"
            }
          ]
        },
        {
          "code": 2002601,
          "name": "TALLER DE REDACCION Y COMUNICACION",
          "groups": [
            {
              "code": "1",
              "schedule": [
                {
                  "day": "LU",
                  "start": "945",
                  "end": "1115",
                  "duration": 2,
                  "room": "690A",
                  "teacher": "POR DESGINAR DOCENTE",
                  "isClass": true
                }
              ],
              "teacher": "POR DESGINAR DOCENTE"
            }
          ]
        }
      ]
    },
    {
      "code": "B",
      "subjects": [
        {
          "code": 2008161,
          "name": "BIOESTADISTICA",
          "groups": [
            {
              "code": "1",
              "schedule": [
                {
                  "day": "MI",
                  "start": "815",
                  "end": "945",
                  "duration": 2,
                  "room": "617C",
                  "teacher": "OMONTE OJALVO JOSE ROBERTO",
                  "isClass": true
                },
                {
                  "day": "JU",
                  "start": "945",
                  "end": "1115",
                  "duration": 2,
                  "room": "652",
                  "teacher": "OMONTE OJALVO JOSE ROBERTO",
                  "isClass": true
                },
                {
                  "day": "VI",
                  "start": "1115",
                  "end": "1245",
                  "duration": 2,
                  "room": "690B",
                  "teacher": "OMONTE OJALVO JOSE ROBERTO",
                  "isClass": true
                }
              ],
              "teacher": "OMONTE OJALVO JOSE ROBERTO"
            }
          ]
        },
        {
          "code": 2002005,
          "name": "BIOLOGIA CELULAR Y MOLECULAR",
          "groups": [
            {
              "code": "1",
              "schedule": [
                {
                  "day": "MI",
                  "start": "1415",
                  "end": "1630",
                  "duration": 3,
                  "room": "609A",
                  "teacher": "GARCIA ORELLANA ANA LINETH",
                  "isClass": true
                },
                {
                  "day": "VI",
                  "start": "815",
                  "end": "1030",
                  "duration": 3,
                  "room": "617",
                  "teacher": "GARCIA ORELLANA ANA LINETH",
                  "isClass": true
                }
              ],
              "teacher": "GARCIA ORELLANA ANA LINETH"
            }
          ]
        },
        {
          "code": 2008054,
          "name": "CALCULO I",
          "groups": [
            {
              "code": "11",
              "schedule": [
                {
                  "day": "LU",
                  "start": "645",
                  "end": "815",
                  "duration": 2,
                  "room": "622",
                  "teacher": "ROJAS ZURITA RAMIRO",
                  "isClass": true
                },
                {
                  "day": "MA",
                  "start": "815",
                  "end": "945",
                  "duration": 2,
                  "room": "692B",
                  "teacher": "ROJAS ZURITA RAMIRO",
                  "isClass": true
                },
                {
                  "day": "JU",
                  "start": "815",
                  "end": "945",
                  "duration": 2,
                  "room": "692E",
                  "teacher": "ROJAS ZURITA RAMIRO",
                  "isClass": true
                }
              ],
              "teacher": "ROJAS ZURITA RAMIRO"
            }
          ]
        },
        {
          "code": 2004044,
          "name": "FISICOQUIMICA",
          "groups": [
            {
              "code": "3",
              "schedule": [
                {
                  "day": "MI",
                  "start": "1245",
                  "end": "1415",
                  "duration": 2,
                  "room": "693B",
                  "teacher": "ARCE GARCIA OMAR ORLANDO",
                  "isClass": true
                },
                {
                  "day": "JU",
                  "start": "1245",
                  "end": "1415",
                  "duration": 2,
                  "room": "623",
                  "teacher": "ARCE GARCIA OMAR ORLANDO",
                  "isClass": true
                },
                {
                  "day": "VI",
                  "start": "1245",
                  "end": "1415",
                  "duration": 2,
                  "room": "623",
                  "teacher": "ARCE GARCIA OMAR ORLANDO",
                  "isClass": true
                }
              ],
              "teacher": "ARCE GARCIA OMAR ORLANDO"
            }
          ]
        },
        {
          "code": 2004012,
          "name": "LABORATORIO DE QUIMICA ORGANICA",
          "groups": [
            {
              "code": "1",
              "schedule": [
                {
                  "day": "LU",
                  "start": "1415",
                  "end": "1845",
                  "duration": 6,
                  "room": "615",
                  "teacher": "POR DESGINAR DOCENTE",
                  "isClass": true
                },
                {
                  "day": "LU",
                  "start": "1415",
                  "end": "1800",
                  "duration": 5,
                  "room": "615",
                  "teacher": "POR DESGINAR DOCENTE",
                  "isClass": false
                }
              ],
              "teacher": "POR DESGINAR DOCENTE"
            },
            {
              "code": "2",
              "schedule": [
                {
                  "day": "MA",
                  "start": "1415",
                  "end": "1845",
                  "duration": 6,
                  "room": "615",
                  "teacher": "POR DESGINAR DOCENTE",
                  "isClass": true
                },
                {
                  "day": "MA",
                  "start": "1415",
                  "end": "1800",
                  "duration": 5,
                  "room": "615",
                  "teacher": "POR DESGINAR DOCENTE",
                  "isClass": false
                }
              ],
              "teacher": "POR DESGINAR DOCENTE"
            },
            {
              "code": "3",
              "schedule": [
                {
                  "day": "MI",
                  "start": "815",
                  "end": "1245",
                  "duration": 6,
                  "room": "615",
                  "teacher": "POR DESGINAR DOCENTE",
                  "isClass": true
                },
                {
                  "day": "MI",
                  "start": "815",
                  "end": "1200",
                  "duration": 5,
                  "room": "615",
                  "teacher": "POR DESGINAR DOCENTE",
                  "isClass": false
                },
                {
                  "day": "MI",
                  "start": "815",
                  "end": "1200",
                  "duration": 5,
                  "room": "615",
                  "teacher": "COCA COSSIO MELISSA NICOLE",
                  "isClass": false
                }
              ],
              "teacher": "POR DESGINAR DOCENTE"
            }
          ]
        },
        {
          "code": 2004053,
          "name": "QUIMICA ORGANICA",
          "groups": [
            {
              "code": "2",
              "schedule": [
                {
                  "day": "LU",
                  "start": "1115",
                  "end": "1245",
                  "duration": 2,
                  "room": "691D",
                  "teacher": "POR DESGINAR DOCENTE",
                  "isClass": true
                },
                {
                  "day": "JU",
                  "start": "1115",
                  "end": "1245",
                  "duration": 2,
                  "room": "691C",
                  "teacher": "POR DESGINAR DOCENTE",
                  "isClass": true
                },
                {
                  "day": "VI",
                  "start": "945",
                  "end": "1115",
                  "duration": 2,
                  "room": "660",
                  "teacher": "POR DESGINAR DOCENTE",
                  "isClass": true
                }
              ],
              "teacher": "POR DESGINAR DOCENTE"
            }
          ]
        }
      ]
    },
    {
      "code": "C",
      "subjects": [
        {
          "code": 2002024,
          "name": "BACTERIOLOGIA",
          "groups": [
            {
              "code": "1",
              "schedule": [
                {
                  "day": "JU",
                  "start": "945",
                  "end": "1200",
                  "duration": 3,
                  "room": "MICBIO",
                  "teacher": "IRIARTE PU\u00d1A MERCEDES",
                  "isClass": true
                },
                {
                  "day": "VI",
                  "start": "815",
                  "end": "1030",
                  "duration": 3,
                  "room": "606",
                  "teacher": "IRIARTE PU\u00d1A MERCEDES",
                  "isClass": true
                }
              ],
              "teacher": "IRIARTE PU\u00d1A MERCEDES"
            }
          ]
        },
        {
          "code": 2002038,
          "name": "BIOESTADISTICA II",
          "groups": [
            {
              "code": "1",
              "schedule": [
                {
                  "day": "LU",
                  "start": "1630",
                  "end": "1845",
                  "duration": 3,
                  "room": "606",
                  "teacher": "PEREZ ZUBIETA JOSE CARLOS",
                  "isClass": true
                },
                {
                  "day": "SA",
                  "start": "645",
                  "end": "900",
                  "duration": 3,
                  "room": "606",
                  "teacher": "PEREZ ZUBIETA JOSE CARLOS",
                  "isClass": true
                }
              ],
              "teacher": "PEREZ ZUBIETA JOSE CARLOS"
            }
          ]
        },
        {
          "code": 2008056,
          "name": "CALCULO II",
          "groups": [
            {
              "code": "8",
              "schedule": [
                {
                  "day": "LU",
                  "start": "645",
                  "end": "815",
                  "duration": 2,
                  "room": "623",
                  "teacher": "FLORES GARCIA HERNAN",
                  "isClass": true
                },
                {
                  "day": "MI",
                  "start": "645",
                  "end": "815",
                  "duration": 2,
                  "room": "622",
                  "teacher": "FLORES GARCIA HERNAN",
                  "isClass": true
                },
                {
                  "day": "VI",
                  "start": "645",
                  "end": "815",
                  "duration": 2,
                  "room": "691E",
                  "teacher": "FLORES GARCIA HERNAN",
                  "isClass": true
                }
              ],
              "teacher": "FLORES GARCIA HERNAN"
            }
          ]
        },
        {
          "code": 2002019,
          "name": "GENETICA I",
          "groups": [
            {
              "code": "1",
              "schedule": [
                {
                  "day": "LU",
                  "start": "815",
                  "end": "945",
                  "duration": 2,
                  "room": "608",
                  "teacher": "POR DESGINAR DOCENTE",
                  "isClass": true
                },
                {
                  "day": "MI",
                  "start": "815",
                  "end": "945",
                  "duration": 2,
                  "room": "608",
                  "teacher": "POR DESGINAR DOCENTE",
                  "isClass": true
                },
                {
                  "day": "JU",
                  "start": "1630",
                  "end": "1800",
                  "duration": 2,
                  "room": "608",
                  "teacher": "POR DESGINAR DOCENTE",
                  "isClass": true
                },
                {
                  "day": "LU",
                  "start": "815",
                  "end": "945",
                  "duration": 2,
                  "room": "608",
                  "teacher": "AVILA LARA ALFREDO",
                  "isClass": true
                },
                {
                  "day": "MI",
                  "start": "815",
                  "end": "945",
                  "duration": 2,
                  "room": "608",
                  "teacher": "AVILA LARA ALFREDO",
                  "isClass": true
                },
                {
                  "day": "JU",
                  "start": "1630",
                  "end": "1800",
                  "duration": 2,
                  "room": "608",
                  "teacher": "AVILA LARA ALFREDO",
                  "isClass": true
                }
              ],
              "teacher": "AVILA LARA ALFREDO"
            }
          ]
        },
        {
          "code": 2004145,
          "name": "LABORATORIO DE QUIMICA ORGANICA II",
          "groups": [
            {
              "code": "1",
              "schedule": [
                {
                  "day": "MI",
                  "start": "1245",
                  "end": "1715",
                  "duration": 6,
                  "room": "615",
                  "teacher": "POR DESGINAR DOCENTE",
                  "isClass": true
                },
                {
                  "day": "MI",
                  "start": "1245",
                  "end": "1630",
                  "duration": 5,
                  "room": "615",
                  "teacher": "POR DESGINAR DOCENTE",
                  "isClass": false
                }
              ],
              "teacher": "POR DESGINAR DOCENTE"
            },
            {
              "code": "2",
              "schedule": [
                {
                  "day": "SA",
                  "start": "815",
                  "end": "1245",
                  "duration": 6,
                  "room": "615",
                  "teacher": "POR DESGINAR DOCENTE",
                  "isClass": true
                },
                {
                  "day": "SA",
                  "start": "815",
                  "end": "1200",
                  "duration": 5,
                  "room": "615",
                  "teacher": "POR DESGINAR DOCENTE",
                  "isClass": false
                }
              ],
              "teacher": "POR DESGINAR DOCENTE"
            },
            {
              "code": "3",
              "schedule": [
                {
                  "day": "VI",
                  "start": "1415",
                  "end": "1845",
                  "duration": 6,
                  "room": "615",
                  "teacher": "DAVILA CABRERA MARCELO ARMANDO",
                  "isClass": true
                },
                {
                  "day": "VI",
                  "start": "1415",
                  "end": "1800",
                  "duration": 5,
                  "room": "615",
                  "teacher": "BOHORQUEZ CARLA NICOL",
                  "isClass": false
                }
              ],
              "teacher": "DAVILA CABRERA MARCELO ARMANDO"
            }
          ]
        },
        {
          "code": 2004056,
          "name": "QUIMICA ORGANICA II",
          "groups": [
            {
              "code": "1",
              "schedule": [
                {
                  "day": "MA",
                  "start": "1415",
                  "end": "1545",
                  "duration": 2,
                  "room": "617C",
                  "teacher": "VILASECA GAMARRA LUIS ANTONIO",
                  "isClass": true
                },
                {
                  "day": "JU",
                  "start": "1545",
                  "end": "1715",
                  "duration": 2,
                  "room": "692G",
                  "teacher": "VILASECA GAMARRA LUIS ANTONIO",
                  "isClass": true
                },
                {
                  "day": "VI",
                  "start": "1115",
                  "end": "1245",
                  "duration": 2,
                  "room": "691F",
                  "teacher": "VILASECA GAMARRA LUIS ANTONIO",
                  "isClass": true
                }
              ],
              "teacher": "VILASECA GAMARRA LUIS ANTONIO"
            }
          ]
        }
      ]
    },
    {
      "code": "D",
      "subjects": [
        {
          "code": 2002014,
          "name": "BIOQUIMICA",
          "groups": [
            {
              "code": "1",
              "schedule": [
                {
                  "day": "LU",
                  "start": "815",
                  "end": "945",
                  "duration": 2,
                  "room": "608A",
                  "teacher": "BRUCKNER BAZOBERRY MARIA LIDIA AMPARO",
                  "isClass": true
                },
                {
                  "day": "JU",
                  "start": "730",
                  "end": "945",
                  "duration": 3,
                  "room": "690A",
                  "teacher": "BRUCKNER BAZOBERRY MARIA LIDIA AMPARO",
                  "isClass": true
                },
                {
                  "day": "MA",
                  "start": "1415",
                  "end": "1630",
                  "duration": 3,
                  "room": "609A",
                  "teacher": "RIVERO LUJAN MIRTHA JUDITH",
                  "isClass": false
                }
              ],
              "teacher": "BRUCKNER BAZOBERRY MARIA LIDIA AMPARO"
            }
          ]
        },
        {
          "code": 2002062,
          "name": "GENETICA DE MICROORGANISMOS",
          "groups": [
            {
              "code": "1",
              "schedule": [
                {
                  "day": "MI",
                  "start": "1415",
                  "end": "1630",
                  "duration": 3,
                  "room": "608A",
                  "teacher": "POR DESGINAR DOCENTE",
                  "isClass": true
                },
                {
                  "day": "JU",
                  "start": "1415",
                  "end": "1630",
                  "duration": 3,
                  "room": "690A",
                  "teacher": "POR DESGINAR DOCENTE",
                  "isClass": true
                }
              ],
              "teacher": "POR DESGINAR DOCENTE"
            }
          ]
        },
        {
          "code": 2004061,
          "name": "QUIMICA ANALITICA",
          "groups": [
            {
              "code": "2",
              "schedule": [
                {
                  "day": "MA",
                  "start": "1415",
                  "end": "1545",
                  "duration": 2,
                  "room": "692C",
                  "teacher": "ESCALERA MEJIA EDWIN",
                  "isClass": true
                },
                {
                  "day": "JU",
                  "start": "1545",
                  "end": "1715",
                  "duration": 2,
                  "room": "617C",
                  "teacher": "ESCALERA MEJIA EDWIN",
                  "isClass": true
                },
                {
                  "day": "VI",
                  "start": "1415",
                  "end": "1545",
                  "duration": 2,
                  "room": "692F",
                  "teacher": "ESCALERA MEJIA EDWIN",
                  "isClass": true
                }
              ],
              "teacher": "ESCALERA MEJIA EDWIN"
            }
          ]
        }
      ]
    },
    {
      "code": "F",
      "subjects": [
        {
          "code": 2004100,
          "name": "ANALISIS INSTRUMENTAL",
          "groups": [
            {
              "code": "1",
              "schedule": [
                {
                  "day": "MA",
                  "start": "945",
                  "end": "1115",
                  "duration": 2,
                  "room": "660",
                  "teacher": "DOMINGUEZ CHURA RAUL AGAPITO",
                  "isClass": true
                },
                {
                  "day": "JU",
                  "start": "1415",
                  "end": "1630",
                  "duration": 3,
                  "room": "614",
                  "teacher": "DOMINGUEZ CHURA RAUL AGAPITO",
                  "isClass": true
                },
                {
                  "day": "VI",
                  "start": "1415",
                  "end": "1545",
                  "duration": 2,
                  "room": "693C",
                  "teacher": "DOMINGUEZ CHURA RAUL AGAPITO",
                  "isClass": true
                }
              ],
              "teacher": "DOMINGUEZ CHURA RAUL AGAPITO"
            }
          ]
        },
        {
          "code": 2002031,
          "name": "METODOLOGIA DE LA INVESTIGACION",
          "groups": [
            {
              "code": "1",
              "schedule": [
                {
                  "day": "MI",
                  "start": "1630",
                  "end": "1845",
                  "duration": 3,
                  "room": "608",
                  "teacher": "POR DESGINAR DOCENTE",
                  "isClass": true
                },
                {
                  "day": "JU",
                  "start": "1800",
                  "end": "2015",
                  "duration": 3,
                  "room": "608",
                  "teacher": "POR DESGINAR DOCENTE",
                  "isClass": true
                }
              ],
              "teacher": "POR DESGINAR DOCENTE"
            }
          ]
        }
      ]
    }
  ]
}