{
  "madeIn": "SCESI UMSS",
  "semester": "1/2026",
  "support": "@willypaz243",
  "path": "2026-01",
  "code": 166231,
  "name": "ENERGIA",
  "url": "http://sagaa.fcyt.umss.edu.bo/pre_academico/horarios/166231.pdf",
  "updatet_at": "2026-02-10T19:26:00",
  "levels": [
    {
      "code": "A",
      "subjects": [
        {
          "code": 2008019,
          "name": "ALGEBRA I",
          "groups": [
            {
              "code": "11",
              "schedule": [
                {
                  "day": "MA",
                  "start": "945",
                  "end": "1115",
                  "duration": 2,
                  "room": "691F",
                  "teacher": "LEON ROMERO GUALBERTO",
                  "isClass": true
                },
                {
                  "day": "MI",
                  "start": "945",
                  "end": "1115",
                  "duration": 2,
                  "room": "642",
                  "teacher": "LEON ROMERO GUALBERTO",
                  "isClass": true
                },
                {
                  "day": "JU",
                  "start": "945",
                  "end": "1115",
                  "duration": 2,
                  "room": "693D",
                  "teacher": "LEON ROMERO GUALBERTO",
                  "isClass": true
                }
              ],
              "teacher": "LEON ROMERO GUALBERTO"
            },
            {
              "code": "13",
              "schedule": [
                {
                  "day": "LU",
                  "start": "1245",
                  "end": "1415",
                  "duration": 2,
                  "room": "617C",
                  "teacher": "FLORES COCA DENNIS",
                  "isClass": false
                },
                {
                  "day": "JU",
                  "start": "945",
                  "end": "1115",
                  "duration": 2,
                  "room": "693C",
                  "teacher": "DOMINGUEZ BLANCO CARMEN ROSARIO",
                  "isClass": true
                },
                {
                  "day": "SA",
                  "start": "945",
                  "end": "1115",
                  "duration": 2,
                  "room": "693A",
                  "teacher": "DOMINGUEZ BLANCO CARMEN ROSARIO",
                  "isClass": true
                }
              ],
              "teacher": "DOMINGUEZ BLANCO CARMEN ROSARIO"
            },
            {
              "code": "7",
              "schedule": [
                {
                  "day": "LU",
                  "start": "1245",
                  "end": "1415",
                  "duration": 2,
                  "room": "660",
                  "teacher": "PATINO TITO RONALD EDGAR",
                  "isClass": true
                },
                {
                  "day": "MA",
                  "start": "1245",
                  "end": "1415",
                  "duration": 2,
                  "room": "660",
                  "teacher": "PATINO TITO RONALD EDGAR",
                  "isClass": true
                }
              ],
              "teacher": "PATINO TITO RONALD EDGAR"
            }
          ]
        },
        {
          "code": 2008054,
          "name": "CALCULO I",
          "groups": [
            {
              "code": "13",
              "schedule": [
                {
                  "day": "LU",
                  "start": "945",
                  "end": "1115",
                  "duration": 2,
                  "room": "652",
                  "teacher": "QUISPE CHOQUE VLADIMIR",
                  "isClass": false
                },
                {
                  "day": "MA",
                  "start": "1845",
                  "end": "2015",
                  "duration": 2,
                  "room": "692C",
                  "teacher": "ZURITA ORELLANA RIMER MAURICIO",
                  "isClass": true
                },
                {
                  "day": "VI",
                  "start": "1715",
                  "end": "1845",
                  "duration": 2,
                  "room": "693A",
                  "teacher": "ZURITA ORELLANA RIMER MAURICIO",
                  "isClass": true
                }
              ],
              "teacher": "ZURITA ORELLANA RIMER MAURICIO"
            },
            {
              "code": "15",
              "schedule": [
                {
                  "day": "JU",
                  "start": "645",
                  "end": "815",
                  "duration": 2,
                  "room": "692B",
                  "teacher": "URE\u00d1A PEREZ EDWIN CLAUDIO",
                  "isClass": true
                },
                {
                  "day": "VI",
                  "start": "645",
                  "end": "815",
                  "duration": 2,
                  "room": "607",
                  "teacher": "URE\u00d1A PEREZ EDWIN CLAUDIO",
                  "isClass": true
                },
                {
                  "day": "SA",
                  "start": "815",
                  "end": "945",
                  "duration": 2,
                  "room": "693D",
                  "teacher": "IBARRA VAQUILLA OSMAR",
                  "isClass": false
                }
              ],
              "teacher": "URE\u00d1A PEREZ EDWIN CLAUDIO"
            },
            {
              "code": "19",
              "schedule": [
                {
                  "day": "MA",
                  "start": "1715",
                  "end": "1845",
                  "duration": 2,
                  "room": "661",
                  "teacher": "RELOS PACO SANTIAGO",
                  "isClass": true
                },
                {
                  "day": "MI",
                  "start": "1715",
                  "end": "1845",
                  "duration": 2,
                  "room": "612",
                  "teacher": "RELOS PACO SANTIAGO",
                  "isClass": true
                },
                {
                  "day": "SA",
                  "start": "945",
                  "end": "1115",
                  "duration": 2,
                  "room": "617B",
                  "teacher": "FLORES COCA DENNIS",
                  "isClass": false
                }
              ],
              "teacher": "RELOS PACO SANTIAGO"
            },
            {
              "code": "20",
              "schedule": [
                {
                  "day": "MI",
                  "start": "1845",
                  "end": "2015",
                  "duration": 2,
                  "room": "651",
                  "teacher": "RELOS PACO SANTIAGO",
                  "isClass": true
                },
                {
                  "day": "VI",
                  "start": "1715",
                  "end": "1845",
                  "duration": 2,
                  "room": "661",
                  "teacher": "RELOS PACO SANTIAGO",
                  "isClass": true
                },
                {
                  "day": "SA",
                  "start": "945",
                  "end": "1115",
                  "duration": 2,
                  "room": "617B",
                  "teacher": "FLORES COCA DENNIS",
                  "isClass": false
                }
              ],
              "teacher": "RELOS PACO SANTIAGO"
            }
          ]
        },
        {
          "code": 2006018,
          "name": "FISICA BASICA I",
          "groups": [
            {
              "code": "M",
              "schedule": [
                {
                  "day": "LU",
                  "start": "945",
                  "end": "1115",
                  "duration": 2,
                  "room": "624",
                  "teacher": "TORRICO TROCHE MILKA MONICA",
                  "isClass": true
                },
                {
                  "day": "MA",
                  "start": "945",
                  "end": "1115",
                  "duration": 2,
                  "room": "692B",
                  "teacher": "TORRICO TROCHE MILKA MONICA",
                  "isClass": true
                },
                {
                  "day": "JU",
                  "start": "645",
                  "end": "815",
                  "duration": 2,
                  "room": "692H",
                  "teacher": "TORRICO TROCHE MILKA MONICA",
                  "isClass": true
                }
              ],
              "teacher": "TORRICO TROCHE MILKA MONICA"
            },
            {
              "code": "M1",
              "schedule": [
                {
                  "day": "LU",
                  "start": "1415",
                  "end": "1545",
                  "duration": 2,
                  "room": "621",
                  "teacher": "[P] LUCANO LUCANO MARCELO JAVIER",
                  "isClass": true
                }
              ],
              "teacher": "[P] LUCANO LUCANO MARCELO JAVIER"
            },
            {
              "code": "M2",
              "schedule": [
                {
                  "day": "MA",
                  "start": "1245",
                  "end": "1415",
                  "duration": 2,
                  "room": "621",
                  "teacher": "[P] GUTIERREZ MARTINEZ VICTOR",
                  "isClass": true
                }
              ],
              "teacher": "[P] GUTIERREZ MARTINEZ VICTOR"
            },
            {
              "code": "M3",
              "schedule": [
                {
                  "day": "MI",
                  "start": "1545",
                  "end": "1715",
                  "duration": 2,
                  "room": "620",
                  "teacher": "[P] LUCANO LUCANO MARCELO JAVIER",
                  "isClass": true
                }
              ],
              "teacher": "[P] LUCANO LUCANO MARCELO JAVIER"
            },
            {
              "code": "M4",
              "schedule": [
                {
                  "day": "VI",
                  "start": "1245",
                  "end": "1415",
                  "duration": 2,
                  "room": "618",
                  "teacher": "[P] PEREZ CESPEDES ROBERTO",
                  "isClass": true
                }
              ],
              "teacher": "[P] PEREZ CESPEDES ROBERTO"
            },
            {
              "code": "M5",
              "schedule": [
                {
                  "day": "VI",
                  "start": "1415",
                  "end": "1545",
                  "duration": 2,
                  "room": "620",
                  "teacher": "[P] DAVALOS BROZOVIC JORGE",
                  "isClass": true
                }
              ],
              "teacher": "[P] DAVALOS BROZOVIC JORGE"
            },
            {
              "code": "N",
              "schedule": [
                {
                  "day": "LU",
                  "start": "645",
                  "end": "815",
                  "duration": 2,
                  "room": "AULVIR",
                  "teacher": "VILLARROEL GIL ARMANDO",
                  "isClass": true
                },
                {
                  "day": "JU",
                  "start": "1245",
                  "end": "1415",
                  "duration": 2,
                  "room": "AULVIR",
                  "teacher": "VILLARROEL GIL ARMANDO",
                  "isClass": true
                },
                {
                  "day": "VI",
                  "start": "1115",
                  "end": "1245",
                  "duration": 2,
                  "room": "AULVIR",
                  "teacher": "VILLARROEL GIL ARMANDO",
                  "isClass": true
                }
              ],
              "teacher": "VILLARROEL GIL ARMANDO"
            },
            {
              "code": "N1",
              "schedule": [
                {
                  "day": "LU",
                  "start": "1115",
                  "end": "1245",
                  "duration": 2,
                  "room": "621",
                  "teacher": "[P] PEREZ CESPEDES ROBERTO",
                  "isClass": true
                }
              ],
              "teacher": "[P] PEREZ CESPEDES ROBERTO"
            },
            {
              "code": "N2",
              "schedule": [
                {
                  "day": "JU",
                  "start": "1715",
                  "end": "1845",
                  "duration": 2,
                  "room": "618",
                  "teacher": "[P] CHOQUE UNO FRANCISCO",
                  "isClass": true
                }
              ],
              "teacher": "[P] CHOQUE UNO FRANCISCO"
            },
            {
              "code": "N3",
              "schedule": [
                {
                  "day": "JU",
                  "start": "945",
                  "end": "1115",
                  "duration": 2,
                  "room": "618",
                  "teacher": "[P] UGARTE CEJAS FELIX",
                  "isClass": true
                }
              ],
              "teacher": "[P] UGARTE CEJAS FELIX"
            },
            {
              "code": "N4",
              "schedule": [
                {
                  "day": "MI",
                  "start": "645",
                  "end": "815",
                  "duration": 2,
                  "room": "620",
                  "teacher": "[P] ORDONEZ SALVATIERRA MIGUEL ANGEL",
                  "isClass": true
                }
              ],
              "teacher": "[P] ORDONEZ SALVATIERRA MIGUEL ANGEL"
            },
            {
              "code": "N5",
              "schedule": [
                {
                  "day": "JU",
                  "start": "815",
                  "end": "945",
                  "duration": 2,
                  "room": "618",
                  "teacher": "[P] GUZMAN SAAVEDRA ROCIO",
                  "isClass": true
                }
              ],
              "teacher": "[P] GUZMAN SAAVEDRA ROCIO"
            },
            {
              "code": "O",
              "schedule": [
                {
                  "day": "MI",
                  "start": "1845",
                  "end": "2015",
                  "duration": 2,
                  "room": "660",
                  "teacher": "CLAROS CRUZ LUIS GUALBERTO",
                  "isClass": true
                },
                {
                  "day": "JU",
                  "start": "1845",
                  "end": "2015",
                  "duration": 2,
                  "room": "692H",
                  "teacher": "CLAROS CRUZ LUIS GUALBERTO",
                  "isClass": true
                },
                {
                  "day": "VI",
                  "start": "645",
                  "end": "815",
                  "duration": 2,
                  "room": "612",
                  "teacher": "CLAROS CRUZ LUIS GUALBERTO",
                  "isClass": true
                }
              ],
              "teacher": "CLAROS CRUZ LUIS GUALBERTO"
            },
            {
              "code": "O1",
              "schedule": [
                {
                  "day": "MA",
                  "start": "1715",
                  "end": "1845",
                  "duration": 2,
                  "room": "618",
                  "teacher": "[P] POR DESGINAR DOCENTE",
                  "isClass": true
                }
              ],
              "teacher": "[P] POR DESGINAR DOCENTE"
            },
            {
              "code": "O2",
              "schedule": [
                {
                  "day": "MI",
                  "start": "945",
                  "end": "1115",
                  "duration": 2,
                  "room": "618",
                  "teacher": "[P] POR DESGINAR DOCENTE",
                  "isClass": true
                }
              ],
              "teacher": "[P] POR DESGINAR DOCENTE"
            },
            {
              "code": "O3",
              "schedule": [
                {
                  "day": "JU",
                  "start": "1715",
                  "end": "1845",
                  "duration": 2,
                  "room": "621",
                  "teacher": "[P] ALISS PAREDES EMILIO",
                  "isClass": true
                }
              ],
              "teacher": "[P] ALISS PAREDES EMILIO"
            },
            {
              "code": "O4",
              "schedule": [
                {
                  "day": "VI",
                  "start": "815",
                  "end": "945",
                  "duration": 2,
                  "room": "621",
                  "teacher": "[P] VASQUEZ CARRILLO MICHAEL HUASCAR",
                  "isClass": true
                }
              ],
              "teacher": "[P] VASQUEZ CARRILLO MICHAEL HUASCAR"
            },
            {
              "code": "O5",
              "schedule": [
                {
                  "day": "VI",
                  "start": "1715",
                  "end": "1845",
                  "duration": 2,
                  "room": "618",
                  "teacher": "[P] FLORES FLORES FREDDY",
                  "isClass": true
                }
              ],
              "teacher": "[P] FLORES FLORES FREDDY"
            },
            {
              "code": "P",
              "schedule": [
                {
                  "day": "MA",
                  "start": "945",
                  "end": "1115",
                  "duration": 2,
                  "room": "612",
                  "teacher": "MOREIRA CALIZAYA RENE",
                  "isClass": true
                },
                {
                  "day": "MI",
                  "start": "815",
                  "end": "945",
                  "duration": 2,
                  "room": "623",
                  "teacher": "MOREIRA CALIZAYA RENE",
                  "isClass": true
                },
                {
                  "day": "JU",
                  "start": "645",
                  "end": "815",
                  "duration": 2,
                  "room": "691F",
                  "teacher": "MOREIRA CALIZAYA RENE",
                  "isClass": true
                }
              ],
              "teacher": "MOREIRA CALIZAYA RENE"
            },
            {
              "code": "P1",
              "schedule": [
                {
                  "day": "MI",
                  "start": "1545",
                  "end": "1715",
                  "duration": 2,
                  "room": "618",
                  "teacher": "[P] POR DESGINAR DOCENTE",
                  "isClass": true
                }
              ],
              "teacher": "[P] POR DESGINAR DOCENTE"
            },
            {
              "code": "P2",
              "schedule": [
                {
                  "day": "MA",
                  "start": "645",
                  "end": "815",
                  "duration": 2,
                  "room": "618",
                  "teacher": "[P] ORDONEZ SALVATIERRA MIGUEL ANGEL",
                  "isClass": true
                }
              ],
              "teacher": "[P] ORDONEZ SALVATIERRA MIGUEL ANGEL"
            },
            {
              "code": "P3",
              "schedule": [
                {
                  "day": "LU",
                  "start": "1115",
                  "end": "1245",
                  "duration": 2,
                  "room": "620",
                  "teacher": "[P] ORDONEZ SALVATIERRA MIGUEL ANGEL",
                  "isClass": true
                }
              ],
              "teacher": "[P] ORDONEZ SALVATIERRA MIGUEL ANGEL"
            },
            {
              "code": "P4",
              "schedule": [
                {
                  "day": "VI",
                  "start": "1245",
                  "end": "1415",
                  "duration": 2,
                  "room": "621",
                  "teacher": "[P] SHITIKOV GAGARINA GALINA MIJAILOVNA",
                  "isClass": true
                }
              ],
              "teacher": "[P] SHITIKOV GAGARINA GALINA MIJAILOVNA"
            },
            {
              "code": "Q",
              "schedule": [
                {
                  "day": "MA",
                  "start": "2015",
                  "end": "2145",
                  "duration": 2,
                  "room": "617",
                  "teacher": "FERNANDEZ LEON JUAN ANTONIO",
                  "isClass": true
                },
                {
                  "day": "JU",
                  "start": "2015",
                  "end": "2145",
                  "duration": 2,
                  "room": "607",
                  "teacher": "FERNANDEZ LEON JUAN ANTONIO",
                  "isClass": true
                },
                {
                  "day": "VI",
                  "start": "2015",
                  "end": "2145",
                  "duration": 2,
                  "room": "617",
                  "teacher": "FERNANDEZ LEON JUAN ANTONIO",
                  "isClass": true
                }
              ],
              "teacher": "FERNANDEZ LEON JUAN ANTONIO"
            },
            {
              "code": "Q1",
              "schedule": [
                {
                  "day": "MI",
                  "start": "1715",
                  "end": "1845",
                  "duration": 2,
                  "room": "618",
                  "teacher": "[P] POR DESGINAR DOCENTE",
                  "isClass": true
                }
              ],
              "teacher": "[P] POR DESGINAR DOCENTE"
            },
            {
              "code": "Q2",
              "schedule": [
                {
                  "day": "JU",
                  "start": "1415",
                  "end": "1545",
                  "duration": 2,
                  "room": "620",
                  "teacher": "[P] POR DESGINAR DOCENTE",
                  "isClass": true
                }
              ],
              "teacher": "[P] POR DESGINAR DOCENTE"
            },
            {
              "code": "Q3",
              "schedule": [
                {
                  "day": "VI",
                  "start": "1115",
                  "end": "1245",
                  "duration": 2,
                  "room": "618",
                  "teacher": "[P] SHITIKOV GAGARINA GALINA MIJAILOVNA",
                  "isClass": true
                }
              ],
              "teacher": "[P] SHITIKOV GAGARINA GALINA MIJAILOVNA"
            },
            {
              "code": "Q4",
              "schedule": [
                {
                  "day": "VI",
                  "start": "1415",
                  "end": "1545",
                  "duration": 2,
                  "room": "621",
                  "teacher": "[P] SHITIKOV GAGARINA GALINA MIJAILOVNA",
                  "isClass": true
                }
              ],
              "teacher": "[P] SHITIKOV GAGARINA GALINA MIJAILOVNA"
            }
          ]
        },
        {
          "code": 2004046,
          "name": "QUIMICA GENERAL",
          "groups": [
            {
              "code": "3",
              "schedule": [
                {
                  "day": "MI",
                  "start": "945",
                  "end": "1115",
                  "duration": 2,
                  "room": "622",
                  "teacher": "POR DESGINAR DOCENTE",
                  "isClass": true
                },
                {
                  "day": "VI",
                  "start": "1545",
                  "end": "1715",
                  "duration": 2,
                  "room": "691B",
                  "teacher": "POR DESGINAR DOCENTE",
                  "isClass": true
                },
                {
                  "day": "SA",
                  "start": "815",
                  "end": "945",
                  "duration": 2,
                  "room": "612",
                  "teacher": "POR DESGINAR DOCENTE",
                  "isClass": true
                }
              ],
              "teacher": "POR DESGINAR DOCENTE"
            },
            {
              "code": "3A",
              "schedule": [
                {
                  "day": "MA",
                  "start": "815",
                  "end": "945",
                  "duration": 2,
                  "room": "607",
                  "teacher": "ROJAS CESPEDES JENNY",
                  "isClass": true
                },
                {
                  "day": "MI",
                  "start": "1245",
                  "end": "1415",
                  "duration": 2,
                  "room": "692B",
                  "teacher": "ROJAS CESPEDES JENNY",
                  "isClass": true
                },
                {
                  "day": "JU",
                  "start": "815",
                  "end": "945",
                  "duration": 2,
                  "room": "607",
                  "teacher": "ROJAS CESPEDES JENNY",
                  "isClass": true
                }
              ],
              "teacher": "ROJAS CESPEDES JENNY"
            },
            {
              "code": "3B",
              "schedule": [
                {
                  "day": "MI",
                  "start": "815",
                  "end": "945",
                  "duration": 2,
                  "room": "612",
                  "teacher": "HOEPFNER REYNOLDS MAURICIO",
                  "isClass": true
                },
                {
                  "day": "JU",
                  "start": "1545",
                  "end": "1715",
                  "duration": 2,
                  "room": "607",
                  "teacher": "HOEPFNER REYNOLDS MAURICIO",
                  "isClass": true
                },
                {
                  "day": "VI",
                  "start": "1545",
                  "end": "1715",
                  "duration": 2,
                  "room": "612",
                  "teacher": "HOEPFNER REYNOLDS MAURICIO",
                  "isClass": true
                }
              ],
              "teacher": "HOEPFNER REYNOLDS MAURICIO"
            }
          ]
        },
        {
          "code": 2004001,
          "name": "RECURSOS NATURALES",
          "groups": [
            {
              "code": "1",
              "schedule": [
                {
                  "day": "MA",
                  "start": "1715",
                  "end": "1845",
                  "duration": 2,
                  "room": "607",
                  "teacher": "ARZABE MAURE JOSE OMAR",
                  "isClass": true
                },
                {
                  "day": "VI",
                  "start": "1545",
                  "end": "1715",
                  "duration": 2,
                  "room": "692F",
                  "teacher": "ARZABE MAURE JOSE OMAR",
                  "isClass": true
                }
              ],
              "teacher": "ARZABE MAURE JOSE OMAR"
            }
          ]
        }
      ]
    },
    {
      "code": "B",
      "subjects": [
        {
          "code": 2008022,
          "name": "ALGEBRA II",
          "groups": [
            {
              "code": "7",
              "schedule": [
                {
                  "day": "LU",
                  "start": "645",
                  "end": "815",
                  "duration": 2,
                  "room": "693D",
                  "teacher": "SERRANO MENA DIEGO LEONARDO",
                  "isClass": false
                },
                {
                  "day": "JU",
                  "start": "1845",
                  "end": "2015",
                  "duration": 2,
                  "room": "693A",
                  "teacher": "FERNANDEZ RAMOS DAVID",
                  "isClass": true
                },
                {
                  "day": "VI",
                  "start": "1845",
                  "end": "2015",
                  "duration": 2,
                  "room": "693A",
                  "teacher": "FERNANDEZ RAMOS DAVID",
                  "isClass": true
                }
              ],
              "teacher": "FERNANDEZ RAMOS DAVID"
            },
            {
              "code": "7A",
              "schedule": [
                {
                  "day": "LU",
                  "start": "945",
                  "end": "1115",
                  "duration": 2,
                  "room": "661",
                  "teacher": "MEDINA GAMBOA JULIO",
                  "isClass": true
                },
                {
                  "day": "JU",
                  "start": "1415",
                  "end": "1545",
                  "duration": 2,
                  "room": "692G",
                  "teacher": "MEDINA GAMBOA JULIO",
                  "isClass": true
                },
                {
                  "day": "VI",
                  "start": "1545",
                  "end": "1715",
                  "duration": 2,
                  "room": "692B",
                  "teacher": "SERRANO MENA DIEGO LEONARDO",
                  "isClass": false
                }
              ],
              "teacher": "MEDINA GAMBOA JULIO"
            },
            {
              "code": "9",
              "schedule": [
                {
                  "day": "LU",
                  "start": "1545",
                  "end": "1715",
                  "duration": 2,
                  "room": "660",
                  "teacher": "SOTO MOREIRA JUAN CARLOS",
                  "isClass": true
                },
                {
                  "day": "JU",
                  "start": "1545",
                  "end": "1715",
                  "duration": 2,
                  "room": "692E",
                  "teacher": "SOTO MOREIRA JUAN CARLOS",
                  "isClass": true
                },
                {
                  "day": "VI",
                  "start": "1415",
                  "end": "1545",
                  "duration": 2,
                  "room": "607",
                  "teacher": "QUISPE MEDRANO REINALDO",
                  "isClass": false
                }
              ],
              "teacher": "SOTO MOREIRA JUAN CARLOS"
            }
          ]
        },
        {
          "code": 2008056,
          "name": "CALCULO II",
          "groups": [
            {
              "code": "10",
              "schedule": [
                {
                  "day": "LU",
                  "start": "645",
                  "end": "815",
                  "duration": 2,
                  "room": "691A",
                  "teacher": "URE\u00d1A PEREZ EDWIN CLAUDIO",
                  "isClass": true
                },
                {
                  "day": "MA",
                  "start": "645",
                  "end": "815",
                  "duration": 2,
                  "room": "692D",
                  "teacher": "URE\u00d1A PEREZ EDWIN CLAUDIO",
                  "isClass": true
                },
                {
                  "day": "MI",
                  "start": "645",
                  "end": "815",
                  "duration": 2,
                  "room": "692B",
                  "teacher": "URE\u00d1A PEREZ EDWIN CLAUDIO",
                  "isClass": true
                }
              ],
              "teacher": "URE\u00d1A PEREZ EDWIN CLAUDIO"
            },
            {
              "code": "3",
              "schedule": [
                {
                  "day": "MA",
                  "start": "945",
                  "end": "1115",
                  "duration": 2,
                  "room": "622",
                  "teacher": "POR DESGINAR DOCENTE",
                  "isClass": true
                },
                {
                  "day": "MI",
                  "start": "1415",
                  "end": "1545",
                  "duration": 2,
                  "room": "623",
                  "teacher": "POR DESGINAR DOCENTE",
                  "isClass": true
                },
                {
                  "day": "JU",
                  "start": "1245",
                  "end": "1415",
                  "duration": 2,
                  "room": "660",
                  "teacher": "POR DESGINAR DOCENTE",
                  "isClass": false
                }
              ],
              "teacher": "POR DESGINAR DOCENTE"
            },
            {
              "code": "8",
              "schedule": [
                {
                  "day": "LU",
                  "start": "645",
                  "end": "815",
                  "duration": 2,
                  "room": "623",
                  "teacher": "FLORES GARCIA HERNAN",
                  "isClass": true
                },
                {
                  "day": "MI",
                  "start": "645",
                  "end": "815",
                  "duration": 2,
                  "room": "622",
                  "teacher": "FLORES GARCIA HERNAN",
                  "isClass": true
                },
                {
                  "day": "VI",
                  "start": "645",
                  "end": "815",
                  "duration": 2,
                  "room": "691E",
                  "teacher": "FLORES GARCIA HERNAN",
                  "isClass": true
                }
              ],
              "teacher": "FLORES GARCIA HERNAN"
            }
          ]
        },
        {
          "code": 2010008,
          "name": "COMPUTACION I",
          "groups": [
            {
              "code": "3",
              "schedule": [
                {
                  "day": "MA",
                  "start": "1115",
                  "end": "1245",
                  "duration": 2,
                  "room": "690C",
                  "teacher": "AUXILIAR POR DESIGNAR",
                  "isClass": false
                },
                {
                  "day": "MI",
                  "start": "1245",
                  "end": "1415",
                  "duration": 2,
                  "room": "625C",
                  "teacher": "VARGAS COLQUE AIDEE",
                  "isClass": true
                },
                {
                  "day": "VI",
                  "start": "1845",
                  "end": "2015",
                  "duration": 2,
                  "room": "691B",
                  "teacher": "VARGAS COLQUE AIDEE",
                  "isClass": true
                }
              ],
              "teacher": "VARGAS COLQUE AIDEE"
            },
            {
              "code": "5",
              "schedule": [
                {
                  "day": "MA",
                  "start": "1245",
                  "end": "1415",
                  "duration": 2,
                  "room": "691F",
                  "teacher": "USTARIZ VARGAS HERNAN",
                  "isClass": true
                },
                {
                  "day": "JU",
                  "start": "1245",
                  "end": "1415",
                  "duration": 2,
                  "room": "692B",
                  "teacher": "USTARIZ VARGAS HERNAN",
                  "isClass": true
                },
                {
                  "day": "SA",
                  "start": "945",
                  "end": "1115",
                  "duration": 2,
                  "room": "607",
                  "teacher": "AUXILIAR POR DESIGNAR",
                  "isClass": false
                }
              ],
              "teacher": "USTARIZ VARGAS HERNAN"
            }
          ]
        },
        {
          "code": 2008048,
          "name": "ESTADISTICA",
          "groups": [
            {
              "code": "1",
              "schedule": [
                {
                  "day": "MA",
                  "start": "1545",
                  "end": "1715",
                  "duration": 2,
                  "room": "617B",
                  "teacher": "GARCIA MOLINA JUAN RUBEN",
                  "isClass": true
                },
                {
                  "day": "MI",
                  "start": "1415",
                  "end": "1545",
                  "duration": 2,
                  "room": "682L8IN",
                  "teacher": "GARCIA MOLINA JUAN RUBEN",
                  "isClass": true
                },
                {
                  "day": "JU",
                  "start": "1545",
                  "end": "1715",
                  "duration": 2,
                  "room": "692D",
                  "teacher": "GARCIA MOLINA JUAN RUBEN",
                  "isClass": true
                }
              ],
              "teacher": "GARCIA MOLINA JUAN RUBEN"
            },
            {
              "code": "2",
              "schedule": [
                {
                  "day": "LU",
                  "start": "2015",
                  "end": "2145",
                  "duration": 2,
                  "room": "690C",
                  "teacher": "TRUJILLO ARANIBAR WILSON ORLANDO",
                  "isClass": true
                },
                {
                  "day": "MA",
                  "start": "1845",
                  "end": "2015",
                  "duration": 2,
                  "room": "624",
                  "teacher": "TRUJILLO ARANIBAR WILSON ORLANDO",
                  "isClass": true
                },
                {
                  "day": "MI",
                  "start": "1845",
                  "end": "2015",
                  "duration": 2,
                  "room": "625D",
                  "teacher": "TRUJILLO ARANIBAR WILSON ORLANDO",
                  "isClass": true
                }
              ],
              "teacher": "TRUJILLO ARANIBAR WILSON ORLANDO"
            }
          ]
        },
        {
          "code": 2006019,
          "name": "FISICA BASICA II",
          "groups": [
            {
              "code": "I",
              "schedule": [
                {
                  "day": "LU",
                  "start": "1245",
                  "end": "1415",
                  "duration": 2,
                  "room": "693C",
                  "teacher": "VALENZUELA MIRANDA ROBERTO",
                  "isClass": true
                },
                {
                  "day": "MI",
                  "start": "1415",
                  "end": "1545",
                  "duration": 2,
                  "room": "617C",
                  "teacher": "VALENZUELA MIRANDA ROBERTO",
                  "isClass": true
                },
                {
                  "day": "VI",
                  "start": "1245",
                  "end": "1415",
                  "duration": 2,
                  "room": "692E",
                  "teacher": "VALENZUELA MIRANDA ROBERTO",
                  "isClass": true
                }
              ],
              "teacher": "VALENZUELA MIRANDA ROBERTO"
            },
            {
              "code": "I1",
              "schedule": [
                {
                  "day": "LU",
                  "start": "1845",
                  "end": "2015",
                  "duration": 2,
                  "room": "684L0",
                  "teacher": "[P] LUCANO LUCANO MARCELO JAVIER",
                  "isClass": true
                }
              ],
              "teacher": "[P] LUCANO LUCANO MARCELO JAVIER"
            },
            {
              "code": "I2",
              "schedule": [
                {
                  "day": "MA",
                  "start": "1115",
                  "end": "1245",
                  "duration": 2,
                  "room": "684L0",
                  "teacher": "[P] PEREZ CESPEDES ROBERTO",
                  "isClass": true
                }
              ],
              "teacher": "[P] PEREZ CESPEDES ROBERTO"
            },
            {
              "code": "I3",
              "schedule": [
                {
                  "day": "MI",
                  "start": "1245",
                  "end": "1415",
                  "duration": 2,
                  "room": "684L0",
                  "teacher": "[P] CASTRO LAZARTE CECILIA BEATRIZ",
                  "isClass": true
                }
              ],
              "teacher": "[P] CASTRO LAZARTE CECILIA BEATRIZ"
            },
            {
              "code": "I4",
              "schedule": [
                {
                  "day": "VI",
                  "start": "1245",
                  "end": "1415",
                  "duration": 2,
                  "room": "684L0",
                  "teacher": "[P] CLAROS CRUZ LUIS GUALBERTO",
                  "isClass": true
                }
              ],
              "teacher": "[P] CLAROS CRUZ LUIS GUALBERTO"
            },
            {
              "code": "J",
              "schedule": [
                {
                  "day": "MA",
                  "start": "1115",
                  "end": "1245",
                  "duration": 2,
                  "room": "691E",
                  "teacher": "MOREIRA CALIZAYA RENE",
                  "isClass": true
                },
                {
                  "day": "JU",
                  "start": "1115",
                  "end": "1245",
                  "duration": 2,
                  "room": "623",
                  "teacher": "MOREIRA CALIZAYA RENE",
                  "isClass": true
                },
                {
                  "day": "VI",
                  "start": "815",
                  "end": "945",
                  "duration": 2,
                  "room": "607",
                  "teacher": "MOREIRA CALIZAYA RENE",
                  "isClass": true
                }
              ],
              "teacher": "MOREIRA CALIZAYA RENE"
            },
            {
              "code": "J1",
              "schedule": [
                {
                  "day": "MA",
                  "start": "645",
                  "end": "815",
                  "duration": 2,
                  "room": "684L0",
                  "teacher": "[P] CLAROS CRUZ LUIS GUALBERTO",
                  "isClass": true
                }
              ],
              "teacher": "[P] CLAROS CRUZ LUIS GUALBERTO"
            },
            {
              "code": "J2",
              "schedule": [
                {
                  "day": "MI",
                  "start": "945",
                  "end": "1115",
                  "duration": 2,
                  "room": "684L0",
                  "teacher": "[P] TORRICO TROCHE MILKA MONICA",
                  "isClass": true
                }
              ],
              "teacher": "[P] TORRICO TROCHE MILKA MONICA"
            },
            {
              "code": "J3",
              "schedule": [
                {
                  "day": "JU",
                  "start": "1245",
                  "end": "1415",
                  "duration": 2,
                  "room": "684L0",
                  "teacher": "[P] PEREZ CESPEDES ROBERTO",
                  "isClass": true
                }
              ],
              "teacher": "[P] PEREZ CESPEDES ROBERTO"
            },
            {
              "code": "K",
              "schedule": [
                {
                  "day": "LU",
                  "start": "1245",
                  "end": "1415",
                  "duration": 2,
                  "room": "AULVIR",
                  "teacher": "VILLARROEL GIL ARMANDO",
                  "isClass": true
                },
                {
                  "day": "MA",
                  "start": "1245",
                  "end": "1415",
                  "duration": 2,
                  "room": "AULVIR",
                  "teacher": "VILLARROEL GIL ARMANDO",
                  "isClass": true
                },
                {
                  "day": "MI",
                  "start": "1245",
                  "end": "1415",
                  "duration": 2,
                  "room": "AULVIR",
                  "teacher": "VILLARROEL GIL ARMANDO",
                  "isClass": true
                }
              ],
              "teacher": "VILLARROEL GIL ARMANDO"
            },
            {
              "code": "K1",
              "schedule": [
                {
                  "day": "LU",
                  "start": "1715",
                  "end": "1845",
                  "duration": 2,
                  "room": "684L0",
                  "teacher": "[P] TORREZ PELAEZ RAUL WILDER",
                  "isClass": true
                }
              ],
              "teacher": "[P] TORREZ PELAEZ RAUL WILDER"
            },
            {
              "code": "K2",
              "schedule": [
                {
                  "day": "MA",
                  "start": "1545",
                  "end": "1715",
                  "duration": 2,
                  "room": "684L0",
                  "teacher": "[P] SHITIKOV GAGARINA GALINA MIJAILOVNA",
                  "isClass": true
                }
              ],
              "teacher": "[P] SHITIKOV GAGARINA GALINA MIJAILOVNA"
            },
            {
              "code": "K3",
              "schedule": [
                {
                  "day": "MI",
                  "start": "645",
                  "end": "815",
                  "duration": 2,
                  "room": "684L0",
                  "teacher": "[P] TORREZ PELAEZ RAUL WILDER",
                  "isClass": true
                }
              ],
              "teacher": "[P] TORREZ PELAEZ RAUL WILDER"
            },
            {
              "code": "K4",
              "schedule": [
                {
                  "day": "VI",
                  "start": "645",
                  "end": "815",
                  "duration": 2,
                  "room": "684L0",
                  "teacher": "[P] VARGAS REINAGA JUAN CARLOS",
                  "isClass": true
                }
              ],
              "teacher": "[P] VARGAS REINAGA JUAN CARLOS"
            },
            {
              "code": "K5",
              "schedule": [
                {
                  "day": "JU",
                  "start": "1415",
                  "end": "1545",
                  "duration": 2,
                  "room": "684L0",
                  "teacher": "[P] VARGAS REINAGA JUAN CARLOS",
                  "isClass": true
                }
              ],
              "teacher": "[P] VARGAS REINAGA JUAN CARLOS"
            }
          ]
        }
      ]
    },
    {
      "code": "C",
      "subjects": [
        {
          "code": 2018015,
          "name": "DIBUJO TECNICO COMPUTARIZADO",
          "groups": [
            {
              "code": "1",
              "schedule": [
                {
                  "day": "LU",
                  "start": "1545",
                  "end": "1715",
                  "duration": 2,
                  "room": "692B",
                  "teacher": "POR DESGINAR DOCENTE",
                  "isClass": true
                }
              ],
              "teacher": "POR DESGINAR DOCENTE"
            },
            {
              "code": "2",
              "schedule": [
                {
                  "day": "MA",
                  "start": "1245",
                  "end": "1415",
                  "duration": 2,
                  "room": "625D",
                  "teacher": "POR DESGINAR DOCENTE",
                  "isClass": true
                }
              ],
              "teacher": "POR DESGINAR DOCENTE"
            }
          ]
        },
        {
          "code": 2008058,
          "name": "ECUACIONES DIFERENCIALES",
          "groups": [
            {
              "code": "3",
              "schedule": [
                {
                  "day": "MI",
                  "start": "645",
                  "end": "815",
                  "duration": 2,
                  "room": "642",
                  "teacher": "POR DESGINAR DOCENTE",
                  "isClass": true
                },
                {
                  "day": "VI",
                  "start": "645",
                  "end": "815",
                  "duration": 2,
                  "room": "693A",
                  "teacher": "POR DESGINAR DOCENTE",
                  "isClass": true
                },
                {
                  "day": "VI",
                  "start": "1545",
                  "end": "1715",
                  "duration": 2,
                  "room": "624",
                  "teacher": "POR DESGINAR DOCENTE",
                  "isClass": false
                }
              ],
              "teacher": "POR DESGINAR DOCENTE"
            },
            {
              "code": "5",
              "schedule": [
                {
                  "day": "LU",
                  "start": "1115",
                  "end": "1245",
                  "duration": 2,
                  "room": "612",
                  "teacher": "POR DESGINAR DOCENTE",
                  "isClass": true
                },
                {
                  "day": "MI",
                  "start": "645",
                  "end": "815",
                  "duration": 2,
                  "room": "660",
                  "teacher": "POR DESGINAR DOCENTE",
                  "isClass": true
                },
                {
                  "day": "JU",
                  "start": "1245",
                  "end": "1415",
                  "duration": 2,
                  "room": "617",
                  "teacher": "POR DESGINAR DOCENTE",
                  "isClass": true
                }
              ],
              "teacher": "POR DESGINAR DOCENTE"
            }
          ]
        },
        {
          "code": 2006020,
          "name": "FISICA BASICA III",
          "groups": [
            {
              "code": "G",
              "schedule": [
                {
                  "day": "MA",
                  "start": "1115",
                  "end": "1245",
                  "duration": 2,
                  "room": "617",
                  "teacher": "TORRICO TROCHE MILKA MONICA",
                  "isClass": true
                },
                {
                  "day": "MI",
                  "start": "815",
                  "end": "945",
                  "duration": 2,
                  "room": "693C",
                  "teacher": "TORRICO TROCHE MILKA MONICA",
                  "isClass": true
                },
                {
                  "day": "JU",
                  "start": "945",
                  "end": "1115",
                  "duration": 2,
                  "room": "691F",
                  "teacher": "TORRICO TROCHE MILKA MONICA",
                  "isClass": true
                }
              ],
              "teacher": "TORRICO TROCHE MILKA MONICA"
            },
            {
              "code": "G1",
              "schedule": [
                {
                  "day": "MA",
                  "start": "1245",
                  "end": "1415",
                  "duration": 2,
                  "room": "684L8",
                  "teacher": "[P] CLAROS CRUZ LUIS GUALBERTO",
                  "isClass": true
                }
              ],
              "teacher": "[P] CLAROS CRUZ LUIS GUALBERTO"
            },
            {
              "code": "G2",
              "schedule": [
                {
                  "day": "MI",
                  "start": "645",
                  "end": "815",
                  "duration": 2,
                  "room": "684L8",
                  "teacher": "[P] GUTIERREZ MARTINEZ VICTOR",
                  "isClass": true
                }
              ],
              "teacher": "[P] GUTIERREZ MARTINEZ VICTOR"
            },
            {
              "code": "G3",
              "schedule": [
                {
                  "day": "VI",
                  "start": "1415",
                  "end": "1545",
                  "duration": 2,
                  "room": "684L8",
                  "teacher": "[P] FLORES FLORES FREDDY",
                  "isClass": true
                }
              ],
              "teacher": "[P] FLORES FLORES FREDDY"
            },
            {
              "code": "G4",
              "schedule": [
                {
                  "day": "JU",
                  "start": "645",
                  "end": "815",
                  "duration": 2,
                  "room": "684L8",
                  "teacher": "[P] CUELLAR OLIVERA OSCAR",
                  "isClass": true
                }
              ],
              "teacher": "[P] CUELLAR OLIVERA OSCAR"
            },
            {
              "code": "H",
              "schedule": [
                {
                  "day": "LU",
                  "start": "1115",
                  "end": "1245",
                  "duration": 2,
                  "room": "693D",
                  "teacher": "VALENZUELA MIRANDA ROBERTO",
                  "isClass": true
                },
                {
                  "day": "JU",
                  "start": "1415",
                  "end": "1545",
                  "duration": 2,
                  "room": "692D",
                  "teacher": "VALENZUELA MIRANDA ROBERTO",
                  "isClass": true
                },
                {
                  "day": "VI",
                  "start": "1415",
                  "end": "1545",
                  "duration": 2,
                  "room": "693B",
                  "teacher": "VALENZUELA MIRANDA ROBERTO",
                  "isClass": true
                }
              ],
              "teacher": "VALENZUELA MIRANDA ROBERTO"
            },
            {
              "code": "H1",
              "schedule": [
                {
                  "day": "LU",
                  "start": "1245",
                  "end": "1415",
                  "duration": 2,
                  "room": "684L8",
                  "teacher": "[P] GUTIERREZ MARTINEZ VICTOR",
                  "isClass": true
                }
              ],
              "teacher": "[P] GUTIERREZ MARTINEZ VICTOR"
            },
            {
              "code": "H2",
              "schedule": [
                {
                  "day": "MA",
                  "start": "1545",
                  "end": "1715",
                  "duration": 2,
                  "room": "684L8",
                  "teacher": "[P] LUCANO LUCANO MARCELO JAVIER",
                  "isClass": true
                }
              ],
              "teacher": "[P] LUCANO LUCANO MARCELO JAVIER"
            },
            {
              "code": "H3",
              "schedule": [
                {
                  "day": "JU",
                  "start": "1545",
                  "end": "1715",
                  "duration": 2,
                  "room": "684L8",
                  "teacher": "[P] VASQUEZ CARRILLO MICHAEL HUASCAR",
                  "isClass": true
                }
              ],
              "teacher": "[P] VASQUEZ CARRILLO MICHAEL HUASCAR"
            },
            {
              "code": "H4",
              "schedule": [
                {
                  "day": "VI",
                  "start": "645",
                  "end": "815",
                  "duration": 2,
                  "room": "684L8",
                  "teacher": "[P] POR DESGINAR DOCENTE",
                  "isClass": true
                }
              ],
              "teacher": "[P] POR DESGINAR DOCENTE"
            }
          ]
        },
        {
          "code": 2016048,
          "name": "INVESTIGACION OPERATIVA I",
          "groups": [
            {
              "code": "3",
              "schedule": [
                {
                  "day": "MA",
                  "start": "1115",
                  "end": "1245",
                  "duration": 2,
                  "room": "AULVIR",
                  "teacher": "QUIROZ CHAVEZ ABDON",
                  "isClass": true
                },
                {
                  "day": "MI",
                  "start": "945",
                  "end": "1115",
                  "duration": 2,
                  "room": "AULVIR",
                  "teacher": "QUIROZ CHAVEZ ABDON",
                  "isClass": true
                },
                {
                  "day": "JU",
                  "start": "1245",
                  "end": "1415",
                  "duration": 2,
                  "room": "AULVIR",
                  "teacher": "QUIROZ CHAVEZ ABDON",
                  "isClass": true
                }
              ],
              "teacher": "QUIROZ CHAVEZ ABDON"
            }
          ]
        },
        {
          "code": 2018135,
          "name": "MECANICA DE FLUIDOS",
          "groups": [
            {
              "code": "1",
              "schedule": [
                {
                  "day": "LU",
                  "start": "1715",
                  "end": "1845",
                  "duration": 2,
                  "room": "624",
                  "teacher": "COCA MENDEZ JUAN CARLOS",
                  "isClass": true
                },
                {
                  "day": "JU",
                  "start": "1715",
                  "end": "1845",
                  "duration": 2,
                  "room": "692F",
                  "teacher": "COCA MENDEZ JUAN CARLOS",
                  "isClass": true
                },
                {
                  "day": "VI",
                  "start": "1715",
                  "end": "1845",
                  "duration": 2,
                  "room": "691B",
                  "teacher": "COCA MENDEZ JUAN CARLOS",
                  "isClass": true
                }
              ],
              "teacher": "COCA MENDEZ JUAN CARLOS"
            },
            {
              "code": "2",
              "schedule": [
                {
                  "day": "LU",
                  "start": "1545",
                  "end": "1715",
                  "duration": 2,
                  "room": "693C",
                  "teacher": "PONCE DE LEON MAURICIO LUIS",
                  "isClass": true
                },
                {
                  "day": "MI",
                  "start": "1715",
                  "end": "1845",
                  "duration": 2,
                  "room": "660",
                  "teacher": "PONCE DE LEON MAURICIO LUIS",
                  "isClass": true
                },
                {
                  "day": "VI",
                  "start": "815",
                  "end": "945",
                  "duration": 2,
                  "room": "691F",
                  "teacher": "PONCE DE LEON MAURICIO LUIS",
                  "isClass": true
                }
              ],
              "teacher": "PONCE DE LEON MAURICIO LUIS"
            }
          ]
        },
        {
          "code": 2018009,
          "name": "TERMODINAMICA",
          "groups": [
            {
              "code": "2",
              "schedule": [
                {
                  "day": "MA",
                  "start": "1845",
                  "end": "2015",
                  "duration": 2,
                  "room": "693B",
                  "teacher": "BAUTISTA HERBAS TORIBIO",
                  "isClass": true
                },
                {
                  "day": "MI",
                  "start": "645",
                  "end": "815",
                  "duration": 2,
                  "room": "661",
                  "teacher": "BAUTISTA HERBAS TORIBIO",
                  "isClass": true
                },
                {
                  "day": "JU",
                  "start": "2015",
                  "end": "2145",
                  "duration": 2,
                  "room": "692E",
                  "teacher": "BAUTISTA HERBAS TORIBIO",
                  "isClass": true
                }
              ],
              "teacher": "BAUTISTA HERBAS TORIBIO"
            }
          ]
        }
      ]
    },
    {
      "code": "D",
      "subjects": [
        {
          "code": 2014087,
          "name": "ELECTROTECNIA INDUSTRIAL",
          "groups": [
            {
              "code": "2",
              "schedule": [
                {
                  "day": "LU",
                  "start": "1415",
                  "end": "1545",
                  "duration": 2,
                  "room": "690B",
                  "teacher": "CASTILLO ZEGARRA JUAN CARLOS",
                  "isClass": true
                },
                {
                  "day": "MA",
                  "start": "1030",
                  "end": "1200",
                  "duration": 2,
                  "room": "667A",
                  "teacher": "CASTILLO ZEGARRA JUAN CARLOS",
                  "isClass": true
                },
                {
                  "day": "MI",
                  "start": "945",
                  "end": "1115",
                  "duration": 2,
                  "room": "682A",
                  "teacher": "CASTILLO ZEGARRA JUAN CARLOS",
                  "isClass": true
                },
                {
                  "day": "MA",
                  "start": "945",
                  "end": "1200",
                  "duration": 3,
                  "room": "682L3",
                  "teacher": "ACHA PEREZ SAMUEL",
                  "isClass": false
                }
              ],
              "teacher": "CASTILLO ZEGARRA JUAN CARLOS"
            }
          ]
        },
        {
          "code": 2016051,
          "name": "INVESTIGACION OPERATIVA II",
          "groups": [
            {
              "code": "1",
              "schedule": [
                {
                  "day": "MA",
                  "start": "1545",
                  "end": "1715",
                  "duration": 2,
                  "room": "692F",
                  "teacher": "MANCHEGO CASTELLON ROBERTO JUAN",
                  "isClass": true
                },
                {
                  "day": "JU",
                  "start": "1545",
                  "end": "1715",
                  "duration": 2,
                  "room": "612",
                  "teacher": "MANCHEGO CASTELLON ROBERTO JUAN",
                  "isClass": true
                },
                {
                  "day": "VI",
                  "start": "1545",
                  "end": "1715",
                  "duration": 2,
                  "room": "607",
                  "teacher": "MANCHEGO CASTELLON ROBERTO JUAN",
                  "isClass": true
                }
              ],
              "teacher": "MANCHEGO CASTELLON ROBERTO JUAN"
            }
          ]
        },
        {
          "code": 2018040,
          "name": "MAQUINAS HIDRAULICAS",
          "groups": [
            {
              "code": "1",
              "schedule": [
                {
                  "day": "MA",
                  "start": "1715",
                  "end": "1845",
                  "duration": 2,
                  "room": "622",
                  "teacher": "CANEDO ESPINOZA WALTER",
                  "isClass": true
                },
                {
                  "day": "MI",
                  "start": "1845",
                  "end": "2015",
                  "duration": 2,
                  "room": "691B",
                  "teacher": "CANEDO ESPINOZA WALTER",
                  "isClass": true
                },
                {
                  "day": "JU",
                  "start": "1115",
                  "end": "1245",
                  "duration": 2,
                  "room": "661",
                  "teacher": "CANEDO ESPINOZA WALTER",
                  "isClass": true
                }
              ],
              "teacher": "CANEDO ESPINOZA WALTER"
            }
          ]
        },
        {
          "code": 2018002,
          "name": "RESISTENCIA DE MATERIALES",
          "groups": [
            {
              "code": "1",
              "schedule": [
                {
                  "day": "LU",
                  "start": "2015",
                  "end": "2145",
                  "duration": 2,
                  "room": "692A",
                  "teacher": "TORREJON ROCABADO JULIO MARCELO",
                  "isClass": true
                },
                {
                  "day": "MA",
                  "start": "2015",
                  "end": "2145",
                  "duration": 2,
                  "room": "MAGCIV",
                  "teacher": "TORREJON ROCABADO JULIO MARCELO",
                  "isClass": true
                },
                {
                  "day": "MI",
                  "start": "2015",
                  "end": "2145",
                  "duration": 2,
                  "room": "692F",
                  "teacher": "TORREJON ROCABADO JULIO MARCELO",
                  "isClass": true
                }
              ],
              "teacher": "TORREJON ROCABADO JULIO MARCELO"
            },
            {
              "code": "2",
              "schedule": [
                {
                  "day": "MI",
                  "start": "815",
                  "end": "945",
                  "duration": 2,
                  "room": "AUDCIV",
                  "teacher": "GOMEZ UGARTE GUIDO",
                  "isClass": true
                },
                {
                  "day": "MI",
                  "start": "1415",
                  "end": "1545",
                  "duration": 2,
                  "room": "652",
                  "teacher": "GOMEZ UGARTE GUIDO",
                  "isClass": true
                },
                {
                  "day": "JU",
                  "start": "945",
                  "end": "1115",
                  "duration": 2,
                  "room": "661",
                  "teacher": "GOMEZ UGARTE GUIDO",
                  "isClass": true
                }
              ],
              "teacher": "GOMEZ UGARTE GUIDO"
            },
            {
              "code": "3",
              "schedule": [
                {
                  "day": "MI",
                  "start": "1415",
                  "end": "1545",
                  "duration": 2,
                  "room": "692E",
                  "teacher": "FLORES GARCIA HERNAN",
                  "isClass": true
                },
                {
                  "day": "JU",
                  "start": "945",
                  "end": "1115",
                  "duration": 2,
                  "room": "693A",
                  "teacher": "FLORES GARCIA HERNAN",
                  "isClass": true
                },
                {
                  "day": "VI",
                  "start": "815",
                  "end": "945",
                  "duration": 2,
                  "room": "625C",
                  "teacher": "FLORES GARCIA HERNAN",
                  "isClass": true
                }
              ],
              "teacher": "FLORES GARCIA HERNAN"
            }
          ]
        },
        {
          "code": 2018033,
          "name": "TRANSFERENCIA DE CALOR",
          "groups": [
            {
              "code": "1",
              "schedule": [
                {
                  "day": "LU",
                  "start": "815",
                  "end": "945",
                  "duration": 2,
                  "room": "693C",
                  "teacher": "ROCHA TRIVENO EDWIN AUGUSTO",
                  "isClass": true
                },
                {
                  "day": "MI",
                  "start": "815",
                  "end": "945",
                  "duration": 2,
                  "room": "691A",
                  "teacher": "ROCHA TRIVENO EDWIN AUGUSTO",
                  "isClass": true
                },
                {
                  "day": "JU",
                  "start": "815",
                  "end": "945",
                  "duration": 2,
                  "room": "693B",
                  "teacher": "ROCHA TRIVENO EDWIN AUGUSTO",
                  "isClass": true
                }
              ],
              "teacher": "ROCHA TRIVENO EDWIN AUGUSTO"
            },
            {
              "code": "2",
              "schedule": [
                {
                  "day": "LU",
                  "start": "945",
                  "end": "1115",
                  "duration": 2,
                  "room": "692D",
                  "teacher": "ROCHA TRIVENO EDWIN AUGUSTO",
                  "isClass": true
                },
                {
                  "day": "MI",
                  "start": "645",
                  "end": "815",
                  "duration": 2,
                  "room": "692D",
                  "teacher": "ROCHA TRIVENO EDWIN AUGUSTO",
                  "isClass": true
                },
                {
                  "day": "JU",
                  "start": "945",
                  "end": "1115",
                  "duration": 2,
                  "room": "692E",
                  "teacher": "ROCHA TRIVENO EDWIN AUGUSTO",
                  "isClass": true
                }
              ],
              "teacher": "ROCHA TRIVENO EDWIN AUGUSTO"
            }
          ]
        }
      ]
    }
  ]
}