{
  "madeIn": "SCESI UMSS",
  "semester": "1/2026",
  "support": "@willypaz243",
  "path": "2026-01",
  "code": 389701,
  "name": "QUIMICA (LIC)",
  "url": "http://sagaa.fcyt.umss.edu.bo/pre_academico/horarios/389701.pdf",
  "updatet_at": "2026-02-10T19:30:00",
  "levels": [
    {
      "code": "A",
      "subjects": [
        {
          "code": 2008237,
          "name": "ALGEBRA LINEAL Y TEORIA MATRICIAL",
          "groups": [
            {
              "code": "1",
              "schedule": [
                {
                  "day": "JU",
                  "start": "815",
                  "end": "945",
                  "duration": 2,
                  "room": "623",
                  "teacher": "OMONTE OJALVO JOSE ROBERTO",
                  "isClass": true
                },
                {
                  "day": "VI",
                  "start": "815",
                  "end": "945",
                  "duration": 2,
                  "room": "622",
                  "teacher": "OMONTE OJALVO JOSE ROBERTO",
                  "isClass": true
                },
                {
                  "day": "SA",
                  "start": "815",
                  "end": "945",
                  "duration": 2,
                  "room": "691A",
                  "teacher": "SERRANO MENA DIEGO LEONARDO",
                  "isClass": false
                }
              ],
              "teacher": "OMONTE OJALVO JOSE ROBERTO"
            },
            {
              "code": "2",
              "schedule": [
                {
                  "day": "LU",
                  "start": "1415",
                  "end": "1545",
                  "duration": 2,
                  "room": "612",
                  "teacher": "SOTO MOREIRA JUAN CARLOS",
                  "isClass": true
                },
                {
                  "day": "MA",
                  "start": "945",
                  "end": "1115",
                  "duration": 2,
                  "room": "661",
                  "teacher": "SOTO MOREIRA JUAN CARLOS",
                  "isClass": true
                },
                {
                  "day": "JU",
                  "start": "1415",
                  "end": "1545",
                  "duration": 2,
                  "room": "691F",
                  "teacher": "SOTO MOREIRA JUAN CARLOS",
                  "isClass": true
                }
              ],
              "teacher": "SOTO MOREIRA JUAN CARLOS"
            },
            {
              "code": "3",
              "schedule": [
                {
                  "day": "MA",
                  "start": "815",
                  "end": "945",
                  "duration": 2,
                  "room": "617B",
                  "teacher": "SALINAS PERICON WALTER OSCAR GONZALO",
                  "isClass": true
                },
                {
                  "day": "JU",
                  "start": "1715",
                  "end": "1845",
                  "duration": 2,
                  "room": "612",
                  "teacher": "SALINAS PERICON WALTER OSCAR GONZALO",
                  "isClass": true
                }
              ],
              "teacher": "SALINAS PERICON WALTER OSCAR GONZALO"
            }
          ]
        },
        {
          "code": 2008054,
          "name": "CALCULO I",
          "groups": [
            {
              "code": "14",
              "schedule": [
                {
                  "day": "LU",
                  "start": "645",
                  "end": "815",
                  "duration": 2,
                  "room": "607",
                  "teacher": "FIORILO LOZADA AMERICO",
                  "isClass": true
                },
                {
                  "day": "JU",
                  "start": "645",
                  "end": "815",
                  "duration": 2,
                  "room": "607",
                  "teacher": "FIORILO LOZADA AMERICO",
                  "isClass": true
                },
                {
                  "day": "SA",
                  "start": "1115",
                  "end": "1245",
                  "duration": 2,
                  "room": "691F",
                  "teacher": "FIORILO LOZADA AMERICO",
                  "isClass": true
                }
              ],
              "teacher": "FIORILO LOZADA AMERICO"
            },
            {
              "code": "18",
              "schedule": [
                {
                  "day": "LU",
                  "start": "1415",
                  "end": "1545",
                  "duration": 2,
                  "room": "692D",
                  "teacher": "GONZALES CASTELLON CARLOS ESTEBAN",
                  "isClass": true
                },
                {
                  "day": "MA",
                  "start": "1415",
                  "end": "1545",
                  "duration": 2,
                  "room": "692A",
                  "teacher": "GONZALES CASTELLON CARLOS ESTEBAN",
                  "isClass": true
                },
                {
                  "day": "VI",
                  "start": "1545",
                  "end": "1715",
                  "duration": 2,
                  "room": "617B",
                  "teacher": "HEREDIA CORRALES JOAQUIN MANUEL",
                  "isClass": false
                }
              ],
              "teacher": "GONZALES CASTELLON CARLOS ESTEBAN"
            },
            {
              "code": "22",
              "schedule": [
                {
                  "day": "LU",
                  "start": "1415",
                  "end": "1545",
                  "duration": 2,
                  "room": "691D",
                  "teacher": "ZEGARRA DORADO LUIS ROBERTO",
                  "isClass": true
                },
                {
                  "day": "MA",
                  "start": "1415",
                  "end": "1545",
                  "duration": 2,
                  "room": "692B",
                  "teacher": "ZEGARRA DORADO LUIS ROBERTO",
                  "isClass": true
                }
              ],
              "teacher": "ZEGARRA DORADO LUIS ROBERTO"
            }
          ]
        },
        {
          "code": 2006018,
          "name": "FISICA BASICA I",
          "groups": [
            {
              "code": "A",
              "schedule": [
                {
                  "day": "LU",
                  "start": "1115",
                  "end": "1245",
                  "duration": 2,
                  "room": "622",
                  "teacher": "VISCARRA VARGAS MARCO ANTONIO",
                  "isClass": true
                },
                {
                  "day": "MA",
                  "start": "945",
                  "end": "1115",
                  "duration": 2,
                  "room": "691A",
                  "teacher": "VISCARRA VARGAS MARCO ANTONIO",
                  "isClass": true
                },
                {
                  "day": "MI",
                  "start": "1115",
                  "end": "1245",
                  "duration": 2,
                  "room": "624",
                  "teacher": "VISCARRA VARGAS MARCO ANTONIO",
                  "isClass": true
                }
              ],
              "teacher": "VISCARRA VARGAS MARCO ANTONIO"
            },
            {
              "code": "A1",
              "schedule": [
                {
                  "day": "LU",
                  "start": "1545",
                  "end": "1715",
                  "duration": 2,
                  "room": "618",
                  "teacher": "[P] POR DESGINAR DOCENTE",
                  "isClass": true
                }
              ],
              "teacher": "[P] POR DESGINAR DOCENTE"
            },
            {
              "code": "A2",
              "schedule": [
                {
                  "day": "LU",
                  "start": "1715",
                  "end": "1845",
                  "duration": 2,
                  "room": "621",
                  "teacher": "[P] LUCANO LUCANO MARCELO JAVIER",
                  "isClass": true
                }
              ],
              "teacher": "[P] LUCANO LUCANO MARCELO JAVIER"
            },
            {
              "code": "A3",
              "schedule": [
                {
                  "day": "MA",
                  "start": "815",
                  "end": "945",
                  "duration": 2,
                  "room": "621",
                  "teacher": "[P] VASQUEZ CARRILLO MICHAEL HUASCAR",
                  "isClass": true
                }
              ],
              "teacher": "[P] VASQUEZ CARRILLO MICHAEL HUASCAR"
            },
            {
              "code": "A4",
              "schedule": [
                {
                  "day": "JU",
                  "start": "645",
                  "end": "815",
                  "duration": 2,
                  "room": "620",
                  "teacher": "[P] ORDONEZ SALVATIERRA MIGUEL ANGEL",
                  "isClass": true
                }
              ],
              "teacher": "[P] ORDONEZ SALVATIERRA MIGUEL ANGEL"
            },
            {
              "code": "B",
              "schedule": [
                {
                  "day": "MA",
                  "start": "1245",
                  "end": "1415",
                  "duration": 2,
                  "room": "692B",
                  "teacher": "FUENTES MIRANDA IVAN",
                  "isClass": true
                },
                {
                  "day": "JU",
                  "start": "1245",
                  "end": "1415",
                  "duration": 2,
                  "room": "651",
                  "teacher": "FUENTES MIRANDA IVAN",
                  "isClass": true
                },
                {
                  "day": "VI",
                  "start": "1115",
                  "end": "1245",
                  "duration": 2,
                  "room": "693C",
                  "teacher": "FUENTES MIRANDA IVAN",
                  "isClass": true
                }
              ],
              "teacher": "FUENTES MIRANDA IVAN"
            },
            {
              "code": "B1",
              "schedule": [
                {
                  "day": "LU",
                  "start": "1115",
                  "end": "1245",
                  "duration": 2,
                  "room": "618",
                  "teacher": "[P] GUTIERREZ MARTINEZ VICTOR",
                  "isClass": true
                }
              ],
              "teacher": "[P] GUTIERREZ MARTINEZ VICTOR"
            },
            {
              "code": "B2",
              "schedule": [
                {
                  "day": "MA",
                  "start": "945",
                  "end": "1115",
                  "duration": 2,
                  "room": "618",
                  "teacher": "[P] POR DESGINAR DOCENTE",
                  "isClass": true
                }
              ],
              "teacher": "[P] POR DESGINAR DOCENTE"
            },
            {
              "code": "B3",
              "schedule": [
                {
                  "day": "MI",
                  "start": "815",
                  "end": "945",
                  "duration": 2,
                  "room": "618",
                  "teacher": "[P] POR DESGINAR DOCENTE",
                  "isClass": true
                }
              ],
              "teacher": "[P] POR DESGINAR DOCENTE"
            },
            {
              "code": "B4",
              "schedule": [
                {
                  "day": "MI",
                  "start": "1415",
                  "end": "1545",
                  "duration": 2,
                  "room": "620",
                  "teacher": "[P] FLORES FLORES FREDDY",
                  "isClass": true
                }
              ],
              "teacher": "[P] FLORES FLORES FREDDY"
            },
            {
              "code": "C",
              "schedule": [
                {
                  "day": "LU",
                  "start": "1545",
                  "end": "1715",
                  "duration": 2,
                  "room": "617",
                  "teacher": "CASTRO LAZARTE CECILIA BEATRIZ",
                  "isClass": true
                },
                {
                  "day": "MA",
                  "start": "1415",
                  "end": "1545",
                  "duration": 2,
                  "room": "617",
                  "teacher": "CASTRO LAZARTE CECILIA BEATRIZ",
                  "isClass": true
                },
                {
                  "day": "JU",
                  "start": "1415",
                  "end": "1545",
                  "duration": 2,
                  "room": "617",
                  "teacher": "CASTRO LAZARTE CECILIA BEATRIZ",
                  "isClass": true
                }
              ],
              "teacher": "CASTRO LAZARTE CECILIA BEATRIZ"
            },
            {
              "code": "C1",
              "schedule": [
                {
                  "day": "LU",
                  "start": "815",
                  "end": "945",
                  "duration": 2,
                  "room": "618",
                  "teacher": "[P] POR DESGINAR DOCENTE",
                  "isClass": true
                }
              ],
              "teacher": "[P] POR DESGINAR DOCENTE"
            },
            {
              "code": "C2",
              "schedule": [
                {
                  "day": "MA",
                  "start": "1115",
                  "end": "1245",
                  "duration": 2,
                  "room": "618",
                  "teacher": "[P] VISCARRA VARGAS MARCO ANTONIO",
                  "isClass": true
                }
              ],
              "teacher": "[P] VISCARRA VARGAS MARCO ANTONIO"
            },
            {
              "code": "C3",
              "schedule": [
                {
                  "day": "LU",
                  "start": "645",
                  "end": "815",
                  "duration": 2,
                  "room": "620",
                  "teacher": "[P] ORDONEZ SALVATIERRA MIGUEL ANGEL",
                  "isClass": true
                }
              ],
              "teacher": "[P] ORDONEZ SALVATIERRA MIGUEL ANGEL"
            },
            {
              "code": "C4",
              "schedule": [
                {
                  "day": "JU",
                  "start": "1245",
                  "end": "1415",
                  "duration": 2,
                  "room": "618",
                  "teacher": "[P] TORREZ PELAEZ RAUL WILDER",
                  "isClass": true
                }
              ],
              "teacher": "[P] TORREZ PELAEZ RAUL WILDER"
            },
            {
              "code": "D",
              "schedule": [
                {
                  "day": "LU",
                  "start": "1415",
                  "end": "1545",
                  "duration": 2,
                  "room": "691F",
                  "teacher": "VALENZUELA MIRANDA ROBERTO",
                  "isClass": true
                },
                {
                  "day": "MI",
                  "start": "1115",
                  "end": "1245",
                  "duration": 2,
                  "room": "691A",
                  "teacher": "VALENZUELA MIRANDA ROBERTO",
                  "isClass": true
                },
                {
                  "day": "JU",
                  "start": "1115",
                  "end": "1245",
                  "duration": 2,
                  "room": "691F",
                  "teacher": "VALENZUELA MIRANDA ROBERTO",
                  "isClass": true
                }
              ],
              "teacher": "VALENZUELA MIRANDA ROBERTO"
            },
            {
              "code": "D1",
              "schedule": [
                {
                  "day": "MI",
                  "start": "945",
                  "end": "1115",
                  "duration": 2,
                  "room": "621",
                  "teacher": "[P] ORDONEZ SALVATIERRA MIGUEL ANGEL",
                  "isClass": true
                }
              ],
              "teacher": "[P] ORDONEZ SALVATIERRA MIGUEL ANGEL"
            },
            {
              "code": "D2",
              "schedule": [
                {
                  "day": "LU",
                  "start": "1245",
                  "end": "1415",
                  "duration": 2,
                  "room": "621",
                  "teacher": "[P] CLAROS CRUZ LUIS GUALBERTO",
                  "isClass": true
                }
              ],
              "teacher": "[P] CLAROS CRUZ LUIS GUALBERTO"
            },
            {
              "code": "D3",
              "schedule": [
                {
                  "day": "JU",
                  "start": "645",
                  "end": "815",
                  "duration": 2,
                  "room": "618",
                  "teacher": "[P] VARGAS REINAGA JUAN CARLOS",
                  "isClass": true
                }
              ],
              "teacher": "[P] VARGAS REINAGA JUAN CARLOS"
            },
            {
              "code": "M2",
              "schedule": [
                {
                  "day": "MA",
                  "start": "1245",
                  "end": "1415",
                  "duration": 2,
                  "room": "621",
                  "teacher": "[P] GUTIERREZ MARTINEZ VICTOR",
                  "isClass": true
                }
              ],
              "teacher": "[P] GUTIERREZ MARTINEZ VICTOR"
            },
            {
              "code": "N4",
              "schedule": [
                {
                  "day": "MI",
                  "start": "645",
                  "end": "815",
                  "duration": 2,
                  "room": "620",
                  "teacher": "[P] ORDONEZ SALVATIERRA MIGUEL ANGEL",
                  "isClass": true
                }
              ],
              "teacher": "[P] ORDONEZ SALVATIERRA MIGUEL ANGEL"
            },
            {
              "code": "O4",
              "schedule": [
                {
                  "day": "VI",
                  "start": "815",
                  "end": "945",
                  "duration": 2,
                  "room": "621",
                  "teacher": "[P] VASQUEZ CARRILLO MICHAEL HUASCAR",
                  "isClass": true
                }
              ],
              "teacher": "[P] VASQUEZ CARRILLO MICHAEL HUASCAR"
            },
            {
              "code": "Q2",
              "schedule": [
                {
                  "day": "JU",
                  "start": "1415",
                  "end": "1545",
                  "duration": 2,
                  "room": "620",
                  "teacher": "[P] POR DESGINAR DOCENTE",
                  "isClass": true
                }
              ],
              "teacher": "[P] POR DESGINAR DOCENTE"
            }
          ]
        },
        {
          "code": 2004003,
          "name": "LABORATORIO DE QUIMICA GENERAL",
          "groups": [
            {
              "code": "1",
              "schedule": [
                {
                  "day": "MI",
                  "start": "1245",
                  "end": "1715",
                  "duration": 6,
                  "room": "616",
                  "teacher": "ROJAS ARZE RUBEN DARIO",
                  "isClass": true
                },
                {
                  "day": "MI",
                  "start": "1245",
                  "end": "1630",
                  "duration": 5,
                  "room": "616",
                  "teacher": "POMA MAMANI DIEGO ALBERT",
                  "isClass": false
                }
              ],
              "teacher": "ROJAS ARZE RUBEN DARIO"
            },
            {
              "code": "10",
              "schedule": [
                {
                  "day": "VI",
                  "start": "1245",
                  "end": "1715",
                  "duration": 6,
                  "room": "614",
                  "teacher": "TERRAZAS MALDONADO ISRAEL",
                  "isClass": true
                },
                {
                  "day": "VI",
                  "start": "1245",
                  "end": "1630",
                  "duration": 5,
                  "room": "614",
                  "teacher": "FLORES MONTANO SAMIR BRUNO",
                  "isClass": false
                }
              ],
              "teacher": "TERRAZAS MALDONADO ISRAEL"
            },
            {
              "code": "2",
              "schedule": [
                {
                  "day": "MA",
                  "start": "815",
                  "end": "1245",
                  "duration": 6,
                  "room": "613",
                  "teacher": "ANTEZANA FERNANDEZ HENRY",
                  "isClass": true
                },
                {
                  "day": "MA",
                  "start": "815",
                  "end": "1200",
                  "duration": 5,
                  "room": "613",
                  "teacher": "ROJAS RIBERA WILLIAM",
                  "isClass": false
                }
              ],
              "teacher": "ANTEZANA FERNANDEZ HENRY"
            },
            {
              "code": "3",
              "schedule": [
                {
                  "day": "LU",
                  "start": "1500",
                  "end": "1930",
                  "duration": 6,
                  "room": "613",
                  "teacher": "MENDIETA BRITO SONIA",
                  "isClass": true
                },
                {
                  "day": "LU",
                  "start": "1500",
                  "end": "1845",
                  "duration": 5,
                  "room": "613",
                  "teacher": "VARGAS GODOY GUSTAVO ALEJANDRO",
                  "isClass": false
                }
              ],
              "teacher": "MENDIETA BRITO SONIA"
            },
            {
              "code": "4",
              "schedule": [
                {
                  "day": "MI",
                  "start": "815",
                  "end": "1245",
                  "duration": 6,
                  "room": "613",
                  "teacher": "HERBAS ANGULO ADELINA",
                  "isClass": true
                },
                {
                  "day": "MI",
                  "start": "815",
                  "end": "1200",
                  "duration": 5,
                  "room": "613",
                  "teacher": "UNZUETA LORA LUIS DAVID",
                  "isClass": false
                }
              ],
              "teacher": "HERBAS ANGULO ADELINA"
            },
            {
              "code": "5",
              "schedule": [
                {
                  "day": "MI",
                  "start": "1415",
                  "end": "1845",
                  "duration": 6,
                  "room": "613",
                  "teacher": "POR DESGINAR DOCENTE",
                  "isClass": true
                },
                {
                  "day": "MI",
                  "start": "1415",
                  "end": "1800",
                  "duration": 5,
                  "room": "613",
                  "teacher": "FLORES MONTANO SAMIR BRUNO",
                  "isClass": false
                }
              ],
              "teacher": "POR DESGINAR DOCENTE"
            },
            {
              "code": "6",
              "schedule": [
                {
                  "day": "VI",
                  "start": "815",
                  "end": "1245",
                  "duration": 6,
                  "room": "613",
                  "teacher": "MOREIRA ROSAS BORIS ARTURO",
                  "isClass": true
                },
                {
                  "day": "VI",
                  "start": "815",
                  "end": "1200",
                  "duration": 5,
                  "room": "613",
                  "teacher": "VILLCA SARZURI NOELIA",
                  "isClass": false
                }
              ],
              "teacher": "MOREIRA ROSAS BORIS ARTURO"
            },
            {
              "code": "7",
              "schedule": [
                {
                  "day": "MA",
                  "start": "1415",
                  "end": "1845",
                  "duration": 6,
                  "room": "613",
                  "teacher": "PEREZ CHACON MARIBEL",
                  "isClass": true
                },
                {
                  "day": "MA",
                  "start": "1415",
                  "end": "1800",
                  "duration": 5,
                  "room": "613",
                  "teacher": "VARGAS GODOY GUSTAVO ALEJANDRO",
                  "isClass": false
                }
              ],
              "teacher": "PEREZ CHACON MARIBEL"
            },
            {
              "code": "8",
              "schedule": [
                {
                  "day": "LU",
                  "start": "815",
                  "end": "1245",
                  "duration": 6,
                  "room": "613",
                  "teacher": "ROJAS ARNEZ CINTHIA CAROLA",
                  "isClass": true
                },
                {
                  "day": "LU",
                  "start": "815",
                  "end": "1200",
                  "duration": 5,
                  "room": "613",
                  "teacher": "ROJAS RIBERA WILLIAM",
                  "isClass": false
                }
              ],
              "teacher": "ROJAS ARNEZ CINTHIA CAROLA"
            },
            {
              "code": "9",
              "schedule": [
                {
                  "day": "VI",
                  "start": "815",
                  "end": "1245",
                  "duration": 6,
                  "room": "614",
                  "teacher": "ROJAS ARNEZ CINTHIA CAROLA",
                  "isClass": true
                },
                {
                  "day": "VI",
                  "start": "815",
                  "end": "1200",
                  "duration": 5,
                  "room": "614",
                  "teacher": "POMA MAMANI DIEGO ALBERT",
                  "isClass": false
                }
              ],
              "teacher": "ROJAS ARNEZ CINTHIA CAROLA"
            }
          ]
        },
        {
          "code": 2004045,
          "name": "QUIMICA GENERAL",
          "groups": [
            {
              "code": "1",
              "schedule": [
                {
                  "day": "LU",
                  "start": "1415",
                  "end": "1545",
                  "duration": 2,
                  "room": "693D",
                  "teacher": "ARCE GARCIA OMAR ORLANDO",
                  "isClass": true
                },
                {
                  "day": "MA",
                  "start": "1115",
                  "end": "1245",
                  "duration": 2,
                  "room": "623",
                  "teacher": "ARCE GARCIA OMAR ORLANDO",
                  "isClass": true
                },
                {
                  "day": "JU",
                  "start": "1115",
                  "end": "1245",
                  "duration": 2,
                  "room": "624",
                  "teacher": "ARCE GARCIA OMAR ORLANDO",
                  "isClass": true
                }
              ],
              "teacher": "ARCE GARCIA OMAR ORLANDO"
            },
            {
              "code": "2",
              "schedule": [
                {
                  "day": "MA",
                  "start": "1545",
                  "end": "1715",
                  "duration": 2,
                  "room": "691A",
                  "teacher": "ARCE GARCIA OMAR ORLANDO",
                  "isClass": true
                },
                {
                  "day": "MI",
                  "start": "1415",
                  "end": "1545",
                  "duration": 2,
                  "room": "692G",
                  "teacher": "ARCE GARCIA OMAR ORLANDO",
                  "isClass": true
                },
                {
                  "day": "VI",
                  "start": "1415",
                  "end": "1545",
                  "duration": 2,
                  "room": "691A",
                  "teacher": "ARCE GARCIA OMAR ORLANDO",
                  "isClass": true
                }
              ],
              "teacher": "ARCE GARCIA OMAR ORLANDO"
            }
          ]
        },
        {
          "code": 2004001,
          "name": "RECURSOS NATURALES",
          "groups": [
            {
              "code": "1",
              "schedule": [
                {
                  "day": "MA",
                  "start": "1715",
                  "end": "1845",
                  "duration": 2,
                  "room": "607",
                  "teacher": "ARZABE MAURE JOSE OMAR",
                  "isClass": true
                },
                {
                  "day": "VI",
                  "start": "1545",
                  "end": "1715",
                  "duration": 2,
                  "room": "692F",
                  "teacher": "ARZABE MAURE JOSE OMAR",
                  "isClass": true
                }
              ],
              "teacher": "ARZABE MAURE JOSE OMAR"
            },
            {
              "code": "2",
              "schedule": [
                {
                  "day": "MA",
                  "start": "1545",
                  "end": "1715",
                  "duration": 2,
                  "room": "691D",
                  "teacher": "ARZABE MAURE JOSE OMAR",
                  "isClass": true
                },
                {
                  "day": "VI",
                  "start": "1715",
                  "end": "1845",
                  "duration": 2,
                  "room": "692F",
                  "teacher": "ARZABE MAURE JOSE OMAR",
                  "isClass": true
                }
              ],
              "teacher": "ARZABE MAURE JOSE OMAR"
            }
          ]
        }
      ]
    },
    {
      "code": "B",
      "subjects": [
        {
          "code": 2008056,
          "name": "CALCULO II",
          "groups": [
            {
              "code": "11",
              "schedule": [
                {
                  "day": "MI",
                  "start": "1415",
                  "end": "1545",
                  "duration": 2,
                  "room": "691C",
                  "teacher": "GONZALES CASTELLON CARLOS ESTEBAN",
                  "isClass": true
                },
                {
                  "day": "VI",
                  "start": "945",
                  "end": "1115",
                  "duration": 2,
                  "room": "692G",
                  "teacher": "GONZALES CASTELLON CARLOS ESTEBAN",
                  "isClass": true
                }
              ],
              "teacher": "GONZALES CASTELLON CARLOS ESTEBAN"
            },
            {
              "code": "9",
              "schedule": [
                {
                  "day": "VI",
                  "start": "1245",
                  "end": "1415",
                  "duration": 2,
                  "room": "692A",
                  "teacher": "MARTINEZ MAIDA AMILCAR SAUL",
                  "isClass": true
                },
                {
                  "day": "SA",
                  "start": "645",
                  "end": "815",
                  "duration": 2,
                  "room": "691D",
                  "teacher": "MARTINEZ MAIDA AMILCAR SAUL",
                  "isClass": true
                }
              ],
              "teacher": "MARTINEZ MAIDA AMILCAR SAUL"
            },
            {
              "code": "9A",
              "schedule": [
                {
                  "day": "LU",
                  "start": "1415",
                  "end": "1545",
                  "duration": 2,
                  "room": "693C",
                  "teacher": "FLORES VARGAS JORGE EDUARDO",
                  "isClass": false
                },
                {
                  "day": "MI",
                  "start": "1545",
                  "end": "1715",
                  "duration": 2,
                  "room": "691A",
                  "teacher": "RELOS PACO SANTIAGO",
                  "isClass": true
                },
                {
                  "day": "JU",
                  "start": "1715",
                  "end": "1845",
                  "duration": 2,
                  "room": "617",
                  "teacher": "RELOS PACO SANTIAGO",
                  "isClass": true
                }
              ],
              "teacher": "RELOS PACO SANTIAGO"
            }
          ]
        },
        {
          "code": 2004050,
          "name": "EQUILIBRIOS EN DISOLUCION",
          "groups": [
            {
              "code": "1",
              "schedule": [
                {
                  "day": "LU",
                  "start": "1245",
                  "end": "1415",
                  "duration": 2,
                  "room": "690D",
                  "teacher": "AGUILAR MAMANI WILSON GONZALO",
                  "isClass": true
                },
                {
                  "day": "MA",
                  "start": "1245",
                  "end": "1415",
                  "duration": 2,
                  "room": "692E",
                  "teacher": "AGUILAR MAMANI WILSON GONZALO",
                  "isClass": true
                },
                {
                  "day": "MI",
                  "start": "1245",
                  "end": "1415",
                  "duration": 2,
                  "room": "692E",
                  "teacher": "AGUILAR MAMANI WILSON GONZALO",
                  "isClass": true
                }
              ],
              "teacher": "AGUILAR MAMANI WILSON GONZALO"
            },
            {
              "code": "2",
              "schedule": [
                {
                  "day": "MI",
                  "start": "1545",
                  "end": "1715",
                  "duration": 2,
                  "room": "691D",
                  "teacher": "ANTEZANA FERNANDEZ HENRY",
                  "isClass": true
                },
                {
                  "day": "JU",
                  "start": "1545",
                  "end": "1715",
                  "duration": 2,
                  "room": "691D",
                  "teacher": "ANTEZANA FERNANDEZ HENRY",
                  "isClass": true
                },
                {
                  "day": "VI",
                  "start": "815",
                  "end": "945",
                  "duration": 2,
                  "room": "692C",
                  "teacher": "ANTEZANA FERNANDEZ HENRY",
                  "isClass": true
                }
              ],
              "teacher": "ANTEZANA FERNANDEZ HENRY"
            },
            {
              "code": "3",
              "schedule": [
                {
                  "day": "LU",
                  "start": "815",
                  "end": "945",
                  "duration": 2,
                  "room": "683B",
                  "teacher": "RIOS DEL PRADO JUAN",
                  "isClass": true
                },
                {
                  "day": "JU",
                  "start": "1115",
                  "end": "1245",
                  "duration": 2,
                  "room": "683B",
                  "teacher": "RIOS DEL PRADO JUAN",
                  "isClass": true
                },
                {
                  "day": "VI",
                  "start": "1115",
                  "end": "1245",
                  "duration": 2,
                  "room": "617C",
                  "teacher": "RIOS DEL PRADO JUAN",
                  "isClass": true
                }
              ],
              "teacher": "RIOS DEL PRADO JUAN"
            }
          ]
        },
        {
          "code": 2006019,
          "name": "FISICA BASICA II",
          "groups": [
            {
              "code": "A",
              "schedule": [
                {
                  "day": "LU",
                  "start": "645",
                  "end": "815",
                  "duration": 2,
                  "room": "691E",
                  "teacher": "RUIZ UCUMARI IVAN",
                  "isClass": true
                },
                {
                  "day": "MI",
                  "start": "945",
                  "end": "1115",
                  "duration": 2,
                  "room": "690D",
                  "teacher": "RUIZ UCUMARI IVAN",
                  "isClass": true
                },
                {
                  "day": "JU",
                  "start": "815",
                  "end": "945",
                  "duration": 2,
                  "room": "691A",
                  "teacher": "RUIZ UCUMARI IVAN",
                  "isClass": true
                }
              ],
              "teacher": "RUIZ UCUMARI IVAN"
            },
            {
              "code": "A1",
              "schedule": [
                {
                  "day": "LU",
                  "start": "815",
                  "end": "945",
                  "duration": 2,
                  "room": "684L0",
                  "teacher": "[P] TORRICO TROCHE MILKA MONICA",
                  "isClass": true
                }
              ],
              "teacher": "[P] TORRICO TROCHE MILKA MONICA"
            },
            {
              "code": "A2",
              "schedule": [
                {
                  "day": "MI",
                  "start": "1115",
                  "end": "1245",
                  "duration": 2,
                  "room": "684L0",
                  "teacher": "[P] VASQUEZ CARRILLO MICHAEL HUASCAR",
                  "isClass": true
                }
              ],
              "teacher": "[P] VASQUEZ CARRILLO MICHAEL HUASCAR"
            },
            {
              "code": "A3",
              "schedule": [
                {
                  "day": "MI",
                  "start": "1545",
                  "end": "1715",
                  "duration": 2,
                  "room": "684L0",
                  "teacher": "[P] FLORES FLORES FREDDY",
                  "isClass": true
                }
              ],
              "teacher": "[P] FLORES FLORES FREDDY"
            },
            {
              "code": "B",
              "schedule": [
                {
                  "day": "LU",
                  "start": "1115",
                  "end": "1245",
                  "duration": 2,
                  "room": "660",
                  "teacher": "FUENTES MIRANDA IVAN",
                  "isClass": true
                },
                {
                  "day": "JU",
                  "start": "1415",
                  "end": "1545",
                  "duration": 2,
                  "room": "651",
                  "teacher": "FUENTES MIRANDA IVAN",
                  "isClass": true
                },
                {
                  "day": "VI",
                  "start": "815",
                  "end": "945",
                  "duration": 2,
                  "room": "642",
                  "teacher": "FUENTES MIRANDA IVAN",
                  "isClass": true
                }
              ],
              "teacher": "FUENTES MIRANDA IVAN"
            },
            {
              "code": "B1",
              "schedule": [
                {
                  "day": "MA",
                  "start": "815",
                  "end": "945",
                  "duration": 2,
                  "room": "684L0",
                  "teacher": "[P] GUTIERREZ MARTINEZ VICTOR",
                  "isClass": true
                }
              ],
              "teacher": "[P] GUTIERREZ MARTINEZ VICTOR"
            },
            {
              "code": "B2",
              "schedule": [
                {
                  "day": "JU",
                  "start": "1715",
                  "end": "1845",
                  "duration": 2,
                  "room": "684L0",
                  "teacher": "[P] DAVALOS BROZOVIC JORGE",
                  "isClass": true
                }
              ],
              "teacher": "[P] DAVALOS BROZOVIC JORGE"
            },
            {
              "code": "C",
              "schedule": [
                {
                  "day": "LU",
                  "start": "645",
                  "end": "815",
                  "duration": 2,
                  "room": "612",
                  "teacher": "CLAROS CRUZ LUIS GUALBERTO",
                  "isClass": true
                },
                {
                  "day": "MA",
                  "start": "1845",
                  "end": "2015",
                  "duration": 2,
                  "room": "625C",
                  "teacher": "CLAROS CRUZ LUIS GUALBERTO",
                  "isClass": true
                },
                {
                  "day": "JU",
                  "start": "1245",
                  "end": "1415",
                  "duration": 2,
                  "room": "691E",
                  "teacher": "CLAROS CRUZ LUIS GUALBERTO",
                  "isClass": true
                }
              ],
              "teacher": "CLAROS CRUZ LUIS GUALBERTO"
            },
            {
              "code": "C1",
              "schedule": [
                {
                  "day": "VI",
                  "start": "1115",
                  "end": "1245",
                  "duration": 2,
                  "room": "684L0",
                  "teacher": "[P] PEREZ CESPEDES ROBERTO",
                  "isClass": true
                }
              ],
              "teacher": "[P] PEREZ CESPEDES ROBERTO"
            },
            {
              "code": "C2",
              "schedule": [
                {
                  "day": "VI",
                  "start": "1415",
                  "end": "1545",
                  "duration": 2,
                  "room": "684L0",
                  "teacher": "[P] PEREZ CESPEDES ROBERTO",
                  "isClass": true
                }
              ],
              "teacher": "[P] PEREZ CESPEDES ROBERTO"
            }
          ]
        },
        {
          "code": 2004192,
          "name": "LABORATORIO DE QUIMICA ANALITICA CUALITATIVA",
          "groups": [
            {
              "code": "1",
              "schedule": [
                {
                  "day": "MI",
                  "start": "815",
                  "end": "1200",
                  "duration": 5,
                  "room": "614",
                  "teacher": "AUXILIAR POR DESIGNAR",
                  "isClass": false
                },
                {
                  "day": "MI",
                  "start": "815",
                  "end": "1115",
                  "duration": 4,
                  "room": "614",
                  "teacher": "ANTEZANA FERNANDEZ HENRY",
                  "isClass": true
                }
              ],
              "teacher": "ANTEZANA FERNANDEZ HENRY"
            },
            {
              "code": "2",
              "schedule": [
                {
                  "day": "LU",
                  "start": "1115",
                  "end": "1415",
                  "duration": 4,
                  "room": "614",
                  "teacher": "MONTA\u00d1O MERIDA ROSARIO",
                  "isClass": true
                }
              ],
              "teacher": "MONTA\u00d1O MERIDA ROSARIO"
            }
          ]
        },
        {
          "code": 2004174,
          "name": "QUIMICA INORGANICA",
          "groups": [
            {
              "code": "1",
              "schedule": [
                {
                  "day": "LU",
                  "start": "1115",
                  "end": "1245",
                  "duration": 2,
                  "room": "693B",
                  "teacher": "POR DESGINAR DOCENTE",
                  "isClass": true
                },
                {
                  "day": "MI",
                  "start": "1715",
                  "end": "1845",
                  "duration": 2,
                  "room": "691E",
                  "teacher": "POR DESGINAR DOCENTE",
                  "isClass": true
                }
              ],
              "teacher": "POR DESGINAR DOCENTE"
            },
            {
              "code": "2",
              "schedule": [
                {
                  "day": "JU",
                  "start": "1845",
                  "end": "2015",
                  "duration": 2,
                  "room": "691C",
                  "teacher": "POR DESGINAR DOCENTE",
                  "isClass": true
                },
                {
                  "day": "VI",
                  "start": "1845",
                  "end": "2015",
                  "duration": 2,
                  "room": "692A",
                  "teacher": "POR DESGINAR DOCENTE",
                  "isClass": true
                }
              ],
              "teacher": "POR DESGINAR DOCENTE"
            }
          ]
        }
      ]
    },
    {
      "code": "C",
      "subjects": [
        {
          "code": 2008067,
          "name": "ANALISIS NUMERICO",
          "groups": [
            {
              "code": "1",
              "schedule": [
                {
                  "day": "LU",
                  "start": "945",
                  "end": "1115",
                  "duration": 2,
                  "room": "693B",
                  "teacher": "ZABALAGA MONTANO OSCAR A.",
                  "isClass": true
                },
                {
                  "day": "MA",
                  "start": "1845",
                  "end": "2015",
                  "duration": 2,
                  "room": "690D",
                  "teacher": "ZABALAGA MONTANO OSCAR A.",
                  "isClass": true
                },
                {
                  "day": "MI",
                  "start": "945",
                  "end": "1115",
                  "duration": 2,
                  "room": "625D",
                  "teacher": "ZABALAGA MONTANO OSCAR A.",
                  "isClass": true
                }
              ],
              "teacher": "ZABALAGA MONTANO OSCAR A."
            },
            {
              "code": "2",
              "schedule": [
                {
                  "day": "MA",
                  "start": "815",
                  "end": "945",
                  "duration": 2,
                  "room": "AULVIR",
                  "teacher": "SORUCO MAITA JOSE ANTONIO",
                  "isClass": true
                },
                {
                  "day": "VI",
                  "start": "645",
                  "end": "815",
                  "duration": 2,
                  "room": "AULVIR",
                  "teacher": "SORUCO MAITA JOSE ANTONIO",
                  "isClass": true
                }
              ],
              "teacher": "SORUCO MAITA JOSE ANTONIO"
            }
          ]
        },
        {
          "code": 2008066,
          "name": "CALCULO III",
          "groups": [
            {
              "code": "2",
              "schedule": [
                {
                  "day": "MA",
                  "start": "815",
                  "end": "945",
                  "duration": 2,
                  "room": "623",
                  "teacher": "MULLER SANTA CRUZ HANS CRISTIAN",
                  "isClass": true
                },
                {
                  "day": "JU",
                  "start": "815",
                  "end": "945",
                  "duration": 2,
                  "room": "624",
                  "teacher": "MULLER SANTA CRUZ HANS CRISTIAN",
                  "isClass": true
                },
                {
                  "day": "VI",
                  "start": "945",
                  "end": "1115",
                  "duration": 2,
                  "room": "624",
                  "teacher": "IBARRA VAQUILLA OSMAR",
                  "isClass": false
                }
              ],
              "teacher": "MULLER SANTA CRUZ HANS CRISTIAN"
            }
          ]
        },
        {
          "code": 2006020,
          "name": "FISICA BASICA III",
          "groups": [
            {
              "code": "A",
              "schedule": [
                {
                  "day": "MA",
                  "start": "815",
                  "end": "945",
                  "duration": 2,
                  "room": "691C",
                  "teacher": "RUIZ UCUMARI IVAN",
                  "isClass": true
                },
                {
                  "day": "MI",
                  "start": "815",
                  "end": "945",
                  "duration": 2,
                  "room": "617",
                  "teacher": "RUIZ UCUMARI IVAN",
                  "isClass": true
                },
                {
                  "day": "JU",
                  "start": "645",
                  "end": "815",
                  "duration": 2,
                  "room": "692E",
                  "teacher": "RUIZ UCUMARI IVAN",
                  "isClass": true
                }
              ],
              "teacher": "RUIZ UCUMARI IVAN"
            },
            {
              "code": "A1",
              "schedule": [
                {
                  "day": "LU",
                  "start": "1545",
                  "end": "1715",
                  "duration": 2,
                  "room": "684L8",
                  "teacher": "[P] LUCANO LUCANO MARCELO JAVIER",
                  "isClass": true
                }
              ],
              "teacher": "[P] LUCANO LUCANO MARCELO JAVIER"
            },
            {
              "code": "A2",
              "schedule": [
                {
                  "day": "MI",
                  "start": "1245",
                  "end": "1415",
                  "duration": 2,
                  "room": "684L8",
                  "teacher": "[P] CLAROS CRUZ LUIS GUALBERTO",
                  "isClass": true
                }
              ],
              "teacher": "[P] CLAROS CRUZ LUIS GUALBERTO"
            },
            {
              "code": "B",
              "schedule": [
                {
                  "day": "MA",
                  "start": "1415",
                  "end": "1545",
                  "duration": 2,
                  "room": "625C",
                  "teacher": "UGARTE CEJAS FELIX",
                  "isClass": true
                },
                {
                  "day": "MI",
                  "start": "1415",
                  "end": "1545",
                  "duration": 2,
                  "room": "617B",
                  "teacher": "UGARTE CEJAS FELIX",
                  "isClass": true
                },
                {
                  "day": "VI",
                  "start": "1415",
                  "end": "1545",
                  "duration": 2,
                  "room": "625C",
                  "teacher": "UGARTE CEJAS FELIX",
                  "isClass": true
                }
              ],
              "teacher": "UGARTE CEJAS FELIX"
            },
            {
              "code": "B1",
              "schedule": [
                {
                  "day": "JU",
                  "start": "815",
                  "end": "945",
                  "duration": 2,
                  "room": "684L8",
                  "teacher": "[P] VISCARRA VARGAS MARCO ANTONIO",
                  "isClass": true
                }
              ],
              "teacher": "[P] VISCARRA VARGAS MARCO ANTONIO"
            },
            {
              "code": "B2",
              "schedule": [
                {
                  "day": "JU",
                  "start": "945",
                  "end": "1115",
                  "duration": 2,
                  "room": "684L8",
                  "teacher": "[P] ORDONEZ SALVATIERRA MIGUEL ANGEL",
                  "isClass": true
                }
              ],
              "teacher": "[P] ORDONEZ SALVATIERRA MIGUEL ANGEL"
            }
          ]
        },
        {
          "code": 2004044,
          "name": "FISICOQUIMICA",
          "groups": [
            {
              "code": "2",
              "schedule": [
                {
                  "day": "LU",
                  "start": "1245",
                  "end": "1415",
                  "duration": 2,
                  "room": "617",
                  "teacher": "ARCE GARCIA OMAR ORLANDO",
                  "isClass": true
                },
                {
                  "day": "MA",
                  "start": "1245",
                  "end": "1415",
                  "duration": 2,
                  "room": "692F",
                  "teacher": "ARCE GARCIA OMAR ORLANDO",
                  "isClass": true
                },
                {
                  "day": "VI",
                  "start": "945",
                  "end": "1115",
                  "duration": 2,
                  "room": "692B",
                  "teacher": "ARCE GARCIA OMAR ORLANDO",
                  "isClass": true
                }
              ],
              "teacher": "ARCE GARCIA OMAR ORLANDO"
            },
            {
              "code": "3",
              "schedule": [
                {
                  "day": "MI",
                  "start": "1245",
                  "end": "1415",
                  "duration": 2,
                  "room": "693B",
                  "teacher": "ARCE GARCIA OMAR ORLANDO",
                  "isClass": true
                },
                {
                  "day": "JU",
                  "start": "1245",
                  "end": "1415",
                  "duration": 2,
                  "room": "623",
                  "teacher": "ARCE GARCIA OMAR ORLANDO",
                  "isClass": true
                },
                {
                  "day": "VI",
                  "start": "1245",
                  "end": "1415",
                  "duration": 2,
                  "room": "623",
                  "teacher": "ARCE GARCIA OMAR ORLANDO",
                  "isClass": true
                }
              ],
              "teacher": "ARCE GARCIA OMAR ORLANDO"
            }
          ]
        },
        {
          "code": 2004147,
          "name": "LABORATORIO DE FISICOQUIMICA",
          "groups": [
            {
              "code": "1",
              "schedule": [
                {
                  "day": "MA",
                  "start": "1415",
                  "end": "1845",
                  "duration": 6,
                  "room": "616",
                  "teacher": "ROJAS CESPEDES JENNY",
                  "isClass": true
                },
                {
                  "day": "MA",
                  "start": "1415",
                  "end": "1800",
                  "duration": 5,
                  "room": "616",
                  "teacher": "ZERDA RODRIGUEZ HELEN DAYANA",
                  "isClass": false
                }
              ],
              "teacher": "ROJAS CESPEDES JENNY"
            },
            {
              "code": "2",
              "schedule": [
                {
                  "day": "MI",
                  "start": "815",
                  "end": "1245",
                  "duration": 6,
                  "room": "616",
                  "teacher": "ROJAS CESPEDES JENNY",
                  "isClass": true
                },
                {
                  "day": "MI",
                  "start": "815",
                  "end": "1200",
                  "duration": 5,
                  "room": "616",
                  "teacher": "MORALES RODRIGUEZ ANAHI YADIRA",
                  "isClass": false
                }
              ],
              "teacher": "ROJAS CESPEDES JENNY"
            },
            {
              "code": "3",
              "schedule": [
                {
                  "day": "MA",
                  "start": "945",
                  "end": "1415",
                  "duration": 6,
                  "room": "616",
                  "teacher": "ROJAS CESPEDES JENNY",
                  "isClass": true
                },
                {
                  "day": "MA",
                  "start": "945",
                  "end": "1330",
                  "duration": 5,
                  "room": "616",
                  "teacher": "ZERDA RODRIGUEZ HELEN DAYANA",
                  "isClass": false
                }
              ],
              "teacher": "ROJAS CESPEDES JENNY"
            },
            {
              "code": "4",
              "schedule": [
                {
                  "day": "LU",
                  "start": "1415",
                  "end": "1845",
                  "duration": 6,
                  "room": "616",
                  "teacher": "ESPINOZA ALCOCER JENNY",
                  "isClass": true
                },
                {
                  "day": "JU",
                  "start": "1415",
                  "end": "1800",
                  "duration": 5,
                  "room": "615",
                  "teacher": "ZAMBRANA OCANA JORGE LUIS",
                  "isClass": false
                }
              ],
              "teacher": "ESPINOZA ALCOCER JENNY"
            },
            {
              "code": "5",
              "schedule": [
                {
                  "day": "SA",
                  "start": "945",
                  "end": "1415",
                  "duration": 6,
                  "room": "616",
                  "teacher": "MOREIRA ROSAS BORIS ARTURO",
                  "isClass": true
                },
                {
                  "day": "SA",
                  "start": "945",
                  "end": "1330",
                  "duration": 5,
                  "room": "616",
                  "teacher": "ZAMBRANA OCANA JORGE LUIS",
                  "isClass": false
                }
              ],
              "teacher": "MOREIRA ROSAS BORIS ARTURO"
            },
            {
              "code": "6",
              "schedule": [
                {
                  "day": "VI",
                  "start": "1415",
                  "end": "1845",
                  "duration": 6,
                  "room": "616",
                  "teacher": "MUNOZ COLLAZOS MARIA SUSANA DEL ROSARIO",
                  "isClass": true
                },
                {
                  "day": "VI",
                  "start": "1415",
                  "end": "1800",
                  "duration": 5,
                  "room": "616",
                  "teacher": "MORALES RODRIGUEZ ANAHI YADIRA",
                  "isClass": false
                }
              ],
              "teacher": "MUNOZ COLLAZOS MARIA SUSANA DEL ROSARIO"
            }
          ]
        }
      ]
    },
    {
      "code": "D",
      "subjects": [
        {
          "code": 2008241,
          "name": "ESTADISTICA APLICADA",
          "groups": [
            {
              "code": "1",
              "schedule": [
                {
                  "day": "MA",
                  "start": "1415",
                  "end": "1545",
                  "duration": 2,
                  "room": "AULVIR",
                  "teacher": "SORUCO MAITA JOSE ANTONIO",
                  "isClass": true
                },
                {
                  "day": "MI",
                  "start": "945",
                  "end": "1115",
                  "duration": 2,
                  "room": "AULVIR",
                  "teacher": "SORUCO MAITA JOSE ANTONIO",
                  "isClass": true
                },
                {
                  "day": "VI",
                  "start": "1115",
                  "end": "1245",
                  "duration": 2,
                  "room": "660",
                  "teacher": "VELEZ BILBAO DAVID ENRIQUE",
                  "isClass": false
                }
              ],
              "teacher": "SORUCO MAITA JOSE ANTONIO"
            }
          ]
        },
        {
          "code": 2004055,
          "name": "INTRODUCCION A LOS PROCESOS QUIMICOS",
          "groups": [
            {
              "code": "1",
              "schedule": [
                {
                  "day": "LU",
                  "start": "945",
                  "end": "1115",
                  "duration": 2,
                  "room": "623",
                  "teacher": "ALEJO ESPINOZA LUCIO",
                  "isClass": true
                },
                {
                  "day": "MA",
                  "start": "645",
                  "end": "815",
                  "duration": 2,
                  "room": "691E",
                  "teacher": "ALEJO ESPINOZA LUCIO",
                  "isClass": true
                },
                {
                  "day": "MI",
                  "start": "645",
                  "end": "815",
                  "duration": 2,
                  "room": "691E",
                  "teacher": "ALEJO ESPINOZA LUCIO",
                  "isClass": true
                }
              ],
              "teacher": "ALEJO ESPINOZA LUCIO"
            }
          ]
        },
        {
          "code": 2004012,
          "name": "LABORATORIO DE QUIMICA ORGANICA",
          "groups": [
            {
              "code": "1",
              "schedule": [
                {
                  "day": "LU",
                  "start": "1415",
                  "end": "1845",
                  "duration": 6,
                  "room": "615",
                  "teacher": "POR DESGINAR DOCENTE",
                  "isClass": true
                },
                {
                  "day": "LU",
                  "start": "1415",
                  "end": "1800",
                  "duration": 5,
                  "room": "615",
                  "teacher": "POR DESGINAR DOCENTE",
                  "isClass": false
                }
              ],
              "teacher": "POR DESGINAR DOCENTE"
            },
            {
              "code": "2",
              "schedule": [
                {
                  "day": "MA",
                  "start": "1415",
                  "end": "1845",
                  "duration": 6,
                  "room": "615",
                  "teacher": "POR DESGINAR DOCENTE",
                  "isClass": true
                },
                {
                  "day": "MA",
                  "start": "1415",
                  "end": "1800",
                  "duration": 5,
                  "room": "615",
                  "teacher": "POR DESGINAR DOCENTE",
                  "isClass": false
                }
              ],
              "teacher": "POR DESGINAR DOCENTE"
            },
            {
              "code": "3",
              "schedule": [
                {
                  "day": "MI",
                  "start": "815",
                  "end": "1245",
                  "duration": 6,
                  "room": "615",
                  "teacher": "POR DESGINAR DOCENTE",
                  "isClass": true
                },
                {
                  "day": "MI",
                  "start": "815",
                  "end": "1200",
                  "duration": 5,
                  "room": "615",
                  "teacher": "POR DESGINAR DOCENTE",
                  "isClass": false
                },
                {
                  "day": "MI",
                  "start": "815",
                  "end": "1200",
                  "duration": 5,
                  "room": "615",
                  "teacher": "COCA COSSIO MELISSA NICOLE",
                  "isClass": false
                }
              ],
              "teacher": "POR DESGINAR DOCENTE"
            }
          ]
        },
        {
          "code": 2006023,
          "name": "OPTICA Y ESPECTROSCOPIA MOLECULAR",
          "groups": [
            {
              "code": "A",
              "schedule": [
                {
                  "day": "LU",
                  "start": "945",
                  "end": "1115",
                  "duration": 2,
                  "room": "684B",
                  "teacher": "VISCARRA VARGAS MARCO ANTONIO",
                  "isClass": true
                },
                {
                  "day": "MI",
                  "start": "945",
                  "end": "1115",
                  "duration": 2,
                  "room": "684B",
                  "teacher": "VISCARRA VARGAS MARCO ANTONIO",
                  "isClass": true
                },
                {
                  "day": "JU",
                  "start": "945",
                  "end": "1115",
                  "duration": 2,
                  "room": "684B",
                  "teacher": "VISCARRA VARGAS MARCO ANTONIO",
                  "isClass": true
                }
              ],
              "teacher": "VISCARRA VARGAS MARCO ANTONIO"
            },
            {
              "code": "A1",
              "schedule": [
                {
                  "day": "LU",
                  "start": "815",
                  "end": "945",
                  "duration": 2,
                  "room": "684L7",
                  "teacher": "[P] VISCARRA VARGAS MARCO ANTONIO",
                  "isClass": true
                }
              ],
              "teacher": "[P] VISCARRA VARGAS MARCO ANTONIO"
            }
          ]
        },
        {
          "code": 2004053,
          "name": "QUIMICA ORGANICA",
          "groups": [
            {
              "code": "1",
              "schedule": [
                {
                  "day": "JU",
                  "start": "645",
                  "end": "815",
                  "duration": 2,
                  "room": "693C",
                  "teacher": "POR DESGINAR DOCENTE",
                  "isClass": true
                },
                {
                  "day": "VI",
                  "start": "645",
                  "end": "815",
                  "duration": 2,
                  "room": "692E",
                  "teacher": "POR DESGINAR DOCENTE",
                  "isClass": true
                },
                {
                  "day": "SA",
                  "start": "645",
                  "end": "815",
                  "duration": 2,
                  "room": "693C",
                  "teacher": "POR DESGINAR DOCENTE",
                  "isClass": true
                }
              ],
              "teacher": "POR DESGINAR DOCENTE"
            },
            {
              "code": "2",
              "schedule": [
                {
                  "day": "LU",
                  "start": "1115",
                  "end": "1245",
                  "duration": 2,
                  "room": "691D",
                  "teacher": "POR DESGINAR DOCENTE",
                  "isClass": true
                },
                {
                  "day": "JU",
                  "start": "1115",
                  "end": "1245",
                  "duration": 2,
                  "room": "691C",
                  "teacher": "POR DESGINAR DOCENTE",
                  "isClass": true
                },
                {
                  "day": "VI",
                  "start": "945",
                  "end": "1115",
                  "duration": 2,
                  "room": "660",
                  "teacher": "POR DESGINAR DOCENTE",
                  "isClass": true
                }
              ],
              "teacher": "POR DESGINAR DOCENTE"
            }
          ]
        }
      ]
    },
    {
      "code": "E",
      "subjects": [
        {
          "code": 2004109,
          "name": "FISICOQUIMICA II",
          "groups": [
            {
              "code": "1",
              "schedule": [
                {
                  "day": "LU",
                  "start": "1715",
                  "end": "1845",
                  "duration": 2,
                  "room": "693C",
                  "teacher": "ALFARO DENUS GONZALO",
                  "isClass": true
                },
                {
                  "day": "MI",
                  "start": "1845",
                  "end": "2015",
                  "duration": 2,
                  "room": "614",
                  "teacher": "ALFARO DENUS GONZALO",
                  "isClass": true
                },
                {
                  "day": "JU",
                  "start": "1845",
                  "end": "2015",
                  "duration": 2,
                  "room": "614",
                  "teacher": "ALFARO DENUS GONZALO",
                  "isClass": true
                }
              ],
              "teacher": "ALFARO DENUS GONZALO"
            }
          ]
        },
        {
          "code": 2004169,
          "name": "LABORATORIO DE QUIMICA ANALITICA CUANTITATIVA",
          "groups": [
            {
              "code": "1",
              "schedule": [
                {
                  "day": "LU",
                  "start": "1415",
                  "end": "1845",
                  "duration": 6,
                  "room": "614",
                  "teacher": "POR DESGINAR DOCENTE",
                  "isClass": true
                },
                {
                  "day": "LU",
                  "start": "1415",
                  "end": "1800",
                  "duration": 5,
                  "room": "614",
                  "teacher": "POR DESGINAR DOCENTE",
                  "isClass": false
                }
              ],
              "teacher": "POR DESGINAR DOCENTE"
            },
            {
              "code": "2",
              "schedule": [
                {
                  "day": "JU",
                  "start": "815",
                  "end": "1245",
                  "duration": 6,
                  "room": "615",
                  "teacher": "ESCALERA MEJIA EDWIN",
                  "isClass": true
                },
                {
                  "day": "JU",
                  "start": "815",
                  "end": "1200",
                  "duration": 5,
                  "room": "615",
                  "teacher": "VILLARROEL CASTRO RODRIGO",
                  "isClass": false
                }
              ],
              "teacher": "ESCALERA MEJIA EDWIN"
            },
            {
              "code": "3",
              "schedule": [
                {
                  "day": "VI",
                  "start": "945",
                  "end": "1330",
                  "duration": 5,
                  "room": "615",
                  "teacher": "AUXILIAR POR DESIGNAR",
                  "isClass": false
                },
                {
                  "day": "VI",
                  "start": "945",
                  "end": "1415",
                  "duration": 6,
                  "room": "615",
                  "teacher": "DOMINGUEZ CHURA RAUL AGAPITO",
                  "isClass": true
                }
              ],
              "teacher": "DOMINGUEZ CHURA RAUL AGAPITO"
            },
            {
              "code": "4",
              "schedule": [
                {
                  "day": "JU",
                  "start": "1415",
                  "end": "1845",
                  "duration": 6,
                  "room": "615",
                  "teacher": "ALVAREZ CAERO MARIA MERCEDES",
                  "isClass": true
                },
                {
                  "day": "JU",
                  "start": "1415",
                  "end": "1800",
                  "duration": 5,
                  "room": "615",
                  "teacher": "ESCALERA PACSI GLADYS",
                  "isClass": false
                }
              ],
              "teacher": "ALVAREZ CAERO MARIA MERCEDES"
            },
            {
              "code": "5",
              "schedule": [
                {
                  "day": "LU",
                  "start": "945",
                  "end": "1415",
                  "duration": 6,
                  "room": "615",
                  "teacher": "ESCALERA MEJIA EDWIN",
                  "isClass": true
                },
                {
                  "day": "LU",
                  "start": "945",
                  "end": "1330",
                  "duration": 5,
                  "room": "615",
                  "teacher": "ESCALERA PACSI GLADYS",
                  "isClass": false
                }
              ],
              "teacher": "ESCALERA MEJIA EDWIN"
            }
          ]
        },
        {
          "code": 2004145,
          "name": "LABORATORIO DE QUIMICA ORGANICA II",
          "groups": [
            {
              "code": "1",
              "schedule": [
                {
                  "day": "MI",
                  "start": "1245",
                  "end": "1715",
                  "duration": 6,
                  "room": "615",
                  "teacher": "POR DESGINAR DOCENTE",
                  "isClass": true
                },
                {
                  "day": "MI",
                  "start": "1245",
                  "end": "1630",
                  "duration": 5,
                  "room": "615",
                  "teacher": "POR DESGINAR DOCENTE",
                  "isClass": false
                }
              ],
              "teacher": "POR DESGINAR DOCENTE"
            },
            {
              "code": "2",
              "schedule": [
                {
                  "day": "SA",
                  "start": "815",
                  "end": "1245",
                  "duration": 6,
                  "room": "615",
                  "teacher": "POR DESGINAR DOCENTE",
                  "isClass": true
                },
                {
                  "day": "SA",
                  "start": "815",
                  "end": "1200",
                  "duration": 5,
                  "room": "615",
                  "teacher": "POR DESGINAR DOCENTE",
                  "isClass": false
                }
              ],
              "teacher": "POR DESGINAR DOCENTE"
            },
            {
              "code": "3",
              "schedule": [
                {
                  "day": "VI",
                  "start": "1415",
                  "end": "1845",
                  "duration": 6,
                  "room": "615",
                  "teacher": "DAVILA CABRERA MARCELO ARMANDO",
                  "isClass": true
                },
                {
                  "day": "VI",
                  "start": "1415",
                  "end": "1800",
                  "duration": 5,
                  "room": "615",
                  "teacher": "BOHORQUEZ CARLA NICOL",
                  "isClass": false
                }
              ],
              "teacher": "DAVILA CABRERA MARCELO ARMANDO"
            }
          ]
        },
        {
          "code": 2004061,
          "name": "QUIMICA ANALITICA",
          "groups": [
            {
              "code": "1",
              "schedule": [
                {
                  "day": "LU",
                  "start": "815",
                  "end": "945",
                  "duration": 2,
                  "room": "607",
                  "teacher": "OPORTO PEREYRA CARLA GABRIELA",
                  "isClass": true
                },
                {
                  "day": "MA",
                  "start": "815",
                  "end": "945",
                  "duration": 2,
                  "room": "691F",
                  "teacher": "OPORTO PEREYRA CARLA GABRIELA",
                  "isClass": true
                },
                {
                  "day": "MI",
                  "start": "815",
                  "end": "945",
                  "duration": 2,
                  "room": "622",
                  "teacher": "OPORTO PEREYRA CARLA GABRIELA",
                  "isClass": true
                },
                {
                  "day": "VI",
                  "start": "1115",
                  "end": "1245",
                  "duration": 2,
                  "room": "625C",
                  "teacher": "AUXILIAR POR DESIGNAR",
                  "isClass": false
                }
              ],
              "teacher": "OPORTO PEREYRA CARLA GABRIELA"
            },
            {
              "code": "2",
              "schedule": [
                {
                  "day": "MA",
                  "start": "1415",
                  "end": "1545",
                  "duration": 2,
                  "room": "692C",
                  "teacher": "ESCALERA MEJIA EDWIN",
                  "isClass": true
                },
                {
                  "day": "JU",
                  "start": "1545",
                  "end": "1715",
                  "duration": 2,
                  "room": "617C",
                  "teacher": "ESCALERA MEJIA EDWIN",
                  "isClass": true
                },
                {
                  "day": "VI",
                  "start": "1415",
                  "end": "1545",
                  "duration": 2,
                  "room": "692F",
                  "teacher": "ESCALERA MEJIA EDWIN",
                  "isClass": true
                }
              ],
              "teacher": "ESCALERA MEJIA EDWIN"
            }
          ]
        },
        {
          "code": 2004056,
          "name": "QUIMICA ORGANICA II",
          "groups": [
            {
              "code": "1",
              "schedule": [
                {
                  "day": "MA",
                  "start": "1415",
                  "end": "1545",
                  "duration": 2,
                  "room": "617C",
                  "teacher": "VILASECA GAMARRA LUIS ANTONIO",
                  "isClass": true
                },
                {
                  "day": "JU",
                  "start": "1545",
                  "end": "1715",
                  "duration": 2,
                  "room": "692G",
                  "teacher": "VILASECA GAMARRA LUIS ANTONIO",
                  "isClass": true
                },
                {
                  "day": "VI",
                  "start": "1115",
                  "end": "1245",
                  "duration": 2,
                  "room": "691F",
                  "teacher": "VILASECA GAMARRA LUIS ANTONIO",
                  "isClass": true
                }
              ],
              "teacher": "VILASECA GAMARRA LUIS ANTONIO"
            }
          ]
        }
      ]
    },
    {
      "code": "F",
      "subjects": [
        {
          "code": 2004114,
          "name": "FISICOQUIMICA III",
          "groups": [
            {
              "code": "1",
              "schedule": [
                {
                  "day": "LU",
                  "start": "1845",
                  "end": "2015",
                  "duration": 2,
                  "room": "614",
                  "teacher": "ALFARO DENUS GONZALO",
                  "isClass": true
                }
              ],
              "teacher": "ALFARO DENUS GONZALO"
            }
          ]
        },
        {
          "code": 2004176,
          "name": "QUIMICA ANALITICA II",
          "groups": [
            {
              "code": "1",
              "schedule": [
                {
                  "day": "MA",
                  "start": "1415",
                  "end": "1545",
                  "duration": 2,
                  "room": "614",
                  "teacher": "DOMINGUEZ CHURA RAUL AGAPITO",
                  "isClass": true
                }
              ],
              "teacher": "DOMINGUEZ CHURA RAUL AGAPITO"
            }
          ]
        },
        {
          "code": 2004059,
          "name": "QUIMICA BIOLOGICA",
          "groups": [
            {
              "code": "1",
              "schedule": [
                {
                  "day": "MA",
                  "start": "1715",
                  "end": "1845",
                  "duration": 2,
                  "room": "617B",
                  "teacher": "TORREZ QUINTEROS EDWIN",
                  "isClass": true
                },
                {
                  "day": "MI",
                  "start": "945",
                  "end": "1115",
                  "duration": 2,
                  "room": "693D",
                  "teacher": "TORREZ QUINTEROS EDWIN",
                  "isClass": true
                }
              ],
              "teacher": "TORREZ QUINTEROS EDWIN"
            }
          ]
        },
        {
          "code": 2004175,
          "name": "QUIMICA INORGANICA III",
          "groups": [
            {
              "code": "1",
              "schedule": [
                {
                  "day": "MA",
                  "start": "1845",
                  "end": "2015",
                  "duration": 2,
                  "room": "614",
                  "teacher": "ARZABE MAURE JOSE OMAR",
                  "isClass": true
                }
              ],
              "teacher": "ARZABE MAURE JOSE OMAR"
            }
          ]
        },
        {
          "code": 2004105,
          "name": "QUIMICA ORGANICA III",
          "groups": [
            {
              "code": "1",
              "schedule": [
                {
                  "day": "MA",
                  "start": "1115",
                  "end": "1245",
                  "duration": 2,
                  "room": "652",
                  "teacher": "MEDRANO ANTEZANA RUDER",
                  "isClass": true
                }
              ],
              "teacher": "MEDRANO ANTEZANA RUDER"
            }
          ]
        }
      ]
    },
    {
      "code": "G",
      "subjects": [
        {
          "code": 2004130,
          "name": "PLANIFICACION ORGANIZACION Y CONTROL DE CALID",
          "groups": [
            {
              "code": "1",
              "schedule": [
                {
                  "day": "LU",
                  "start": "815",
                  "end": "945",
                  "duration": 2,
                  "room": "615",
                  "teacher": "ROMERO JALDIN ANA MARIA",
                  "isClass": true
                },
                {
                  "day": "MI",
                  "start": "815",
                  "end": "945",
                  "duration": 2,
                  "room": "616A",
                  "teacher": "ROMERO JALDIN ANA MARIA",
                  "isClass": true
                }
              ],
              "teacher": "ROMERO JALDIN ANA MARIA"
            }
          ]
        },
        {
          "code": 2004115,
          "name": "QUIMICA ANALITICA III",
          "groups": [
            {
              "code": "1",
              "schedule": [
                {
                  "day": "MA",
                  "start": "1415",
                  "end": "1545",
                  "duration": 2,
                  "room": "AGUAS",
                  "teacher": "POR DESGINAR DOCENTE",
                  "isClass": true
                },
                {
                  "day": "VI",
                  "start": "815",
                  "end": "945",
                  "duration": 2,
                  "room": "AGUAS",
                  "teacher": "POR DESGINAR DOCENTE",
                  "isClass": true
                }
              ],
              "teacher": "POR DESGINAR DOCENTE"
            }
          ]
        },
        {
          "code": 2004173,
          "name": "QUIMICA DEL MEDIO AMBIENTE",
          "groups": [
            {
              "code": "1",
              "schedule": [
                {
                  "day": "LU",
                  "start": "1545",
                  "end": "1715",
                  "duration": 2,
                  "room": "692D",
                  "teacher": "ROMERO JALDIN ANA MARIA",
                  "isClass": true
                },
                {
                  "day": "MI",
                  "start": "1545",
                  "end": "1715",
                  "duration": 2,
                  "room": "692D",
                  "teacher": "ROMERO JALDIN ANA MARIA",
                  "isClass": true
                }
              ],
              "teacher": "ROMERO JALDIN ANA MARIA"
            }
          ]
        },
        {
          "code": 2004119,
          "name": "SINTESIS ORGANICA",
          "groups": [
            {
              "code": "1",
              "schedule": [
                {
                  "day": "MA",
                  "start": "815",
                  "end": "945",
                  "duration": 2,
                  "room": "683J",
                  "teacher": "VILASECA GAMARRA LUIS ANTONIO",
                  "isClass": true
                },
                {
                  "day": "MI",
                  "start": "945",
                  "end": "1115",
                  "duration": 2,
                  "room": "683J",
                  "teacher": "VILASECA GAMARRA LUIS ANTONIO",
                  "isClass": true
                },
                {
                  "day": "JU",
                  "start": "815",
                  "end": "945",
                  "duration": 2,
                  "room": "683J",
                  "teacher": "VILASECA GAMARRA LUIS ANTONIO",
                  "isClass": true
                }
              ],
              "teacher": "VILASECA GAMARRA LUIS ANTONIO"
            }
          ]
        }
      ]
    },
    {
      "code": "H",
      "subjects": [
        {
          "code": 2004120,
          "name": "QUIMICA ANALITICA IV",
          "groups": [
            {
              "code": "1",
              "schedule": [
                {
                  "day": "MI",
                  "start": "1415",
                  "end": "1545",
                  "duration": 2,
                  "room": "683A",
                  "teacher": "TORRICO VALLEJOS SONIA",
                  "isClass": true
                }
              ],
              "teacher": "TORRICO VALLEJOS SONIA"
            }
          ]
        },
        {
          "code": 2004116,
          "name": "SEPARACIONES QUIMICAS",
          "groups": [
            {
              "code": "1",
              "schedule": [
                {
                  "day": "MA",
                  "start": "1545",
                  "end": "1715",
                  "duration": 2,
                  "room": "AGUAS",
                  "teacher": "ANTEZANA FERNANDEZ HENRY",
                  "isClass": false
                }
              ]
            }
          ]
        }
      ]
    }
  ]
}