[
  {
    "madeIn": "SCESI UMSS",
    "semester": "1/2026",
    "support": "@willypaz243",
    "path": "2026-01",
    "code": 409701,
    "name": "ALIMENTOS",
    "url": "http://sagaa.fcyt.umss.edu.bo/pre_academico/horarios/409701.pdf",
    "updatet_at": "2026-02-10T19:25:00",
    "levels": []
  },
  {
    "madeIn": "SCESI UMSS",
    "semester": "1/2026",
    "support": "@willypaz243",
    "path": "2026-01",
    "code": 399501,
    "name": "BIOLOGIA",
    "url": "http://sagaa.fcyt.umss.edu.bo/pre_academico/horarios/399501.pdf",
    "updatet_at": "2026-02-10T19:25:00",
    "levels": []
  },
  {
    "madeIn": "SCESI UMSS",
    "semester": "1/2026",
    "support": "@willypaz243",
    "path": "2026-01",
    "code": 165221,
    "name": "BIOTECNOLOGIA",
    "url": "http://sagaa.fcyt.umss.edu.bo/pre_academico/horarios/165221.pdf",
    "updatet_at": "2026-02-10T19:25:00",
    "levels": []
  },
  {
    "madeIn": "SCESI UMSS",
    "semester": "1/2026",
    "support": "@willypaz243",
    "path": "2026-01",
    "code": 320902,
    "name": "CIVIL (NUEVO)",
    "url": "http://sagaa.fcyt.umss.edu.bo/pre_academico/horarios/320902.pdf",
    "updatet_at": "2026-02-10T19:25:00",
    "levels": []
  },
  {
    "madeIn": "SCESI UMSS",
    "semester": "1/2026",
    "support": "@willypaz243",
    "path": "2026-01",
    "code": 299701,
    "name": "ELECTRICA",
    "url": "http://sagaa.fcyt.umss.edu.bo/pre_academico/horarios/299701.pdf",
    "updatet_at": "2026-02-10T19:25:00",
    "levels": []
  },
  {
    "madeIn": "SCESI UMSS",
    "semester": "1/2026",
    "support": "@willypaz243",
    "path": "2026-01",
    "code": 650001,
    "name": "ELECTROMECANICA",
    "url": "http://sagaa.fcyt.umss.edu.bo/pre_academico/horarios/650001.pdf",
    "updatet_at": "2026-02-10T19:26:00",
    "levels": []
  },
  {
    "madeIn": "SCESI UMSS",
    "semester": "1/2026",
    "support": "@willypaz243",
    "path": "2026-01",
    "code": 429701,
    "name": "ELECTRONICA",
    "url": "http://sagaa.fcyt.umss.edu.bo/pre_academico/horarios/429701.pdf",
    "updatet_at": "2026-02-10T19:26:00",
    "levels": []
  },
  {
    "madeIn": "SCESI UMSS",
    "semester": "1/2026",
    "support": "@willypaz243",
    "path": "2026-01",
    "code": 166231,
    "name": "ENERGIA",
    "url": "http://sagaa.fcyt.umss.edu.bo/pre_academico/horarios/166231.pdf",
    "updatet_at": "2026-02-10T19:26:00",
    "levels": []
  },
  {
    "madeIn": "SCESI UMSS",
    "semester": "1/2026",
    "support": "@willypaz243",
    "path": "2026-01",
    "code": 760101,
    "name": "FISICA (DID)",
    "url": "http://sagaa.fcyt.umss.edu.bo/pre_academico/horarios/760101.pdf",
    "updatet_at": "2026-02-10T19:26:00",
    "levels": []
  },
  {
    "madeIn": "SCESI UMSS",
    "semester": "1/2026",
    "support": "@willypaz243",
    "path": "2026-01",
    "code": 359201,
    "name": "FISICA (LIC)",
    "url": "http://sagaa.fcyt.umss.edu.bo/pre_academico/horarios/359201.pdf",
    "updatet_at": "2026-02-10T19:26:00",
    "levels": []
  },
  {
    "madeIn": "SCESI UMSS",
    "semester": "1/2026",
    "support": "@willypaz243",
    "path": "2026-01",
    "code": 309801,
    "name": "INDUSTRIAL",
    "url": "http://sagaa.fcyt.umss.edu.bo/pre_academico/horarios/309801.pdf",
    "updatet_at": "2026-02-10T20:24:00",
    "levels": []
  },
  {
    "madeIn": "SCESI UMSS",
    "semester": "1/2026",
    "support": "@willypaz243",
    "path": "2026-01",
    "code": 134111,
    "name": "INFORMATICA (ING)",
    "url": "http://sagaa.fcyt.umss.edu.bo/pre_academico/horarios/134111.pdf",
    "updatet_at": "2026-02-10T19:28:00",
    "levels": []
  },
  {
    "madeIn": "SCESI UMSS",
    "semester": "1/2026",
    "support": "@willypaz243",
    "path": "2026-01",
    "code": 114071,
    "name": "MATEMATICA (DID)",
    "url": "http://sagaa.fcyt.umss.edu.bo/pre_academico/horarios/114071.pdf",
    "updatet_at": "2026-02-10T19:29:00",
    "levels": []
  },
  {
    "madeIn": "SCESI UMSS",
    "semester": "1/2026",
    "support": "@willypaz243",
    "path": "2026-01",
    "code": 439801,
    "name": "MATEMATICA (ING)",
    "url": "http://sagaa.fcyt.umss.edu.bo/pre_academico/horarios/439801.pdf",
    "updatet_at": "2026-02-10T19:29:00",
    "levels": []
  },
  {
    "madeIn": "SCESI UMSS",
    "semester": "1/2026",
    "support": "@willypaz243",
    "path": "2026-01",
    "code": 349701,
    "name": "MATEMATICA (LIC)",
    "url": "http://sagaa.fcyt.umss.edu.bo/pre_academico/horarios/349701.pdf",
    "updatet_at": "2026-02-10T19:29:00",
    "levels": []
  },
  {
    "madeIn": "SCESI UMSS",
    "semester": "1/2026",
    "support": "@willypaz243",
    "path": "2026-01",
    "code": 319801,
    "name": "MECANICA",
    "url": "http://sagaa.fcyt.umss.edu.bo/pre_academico/horarios/319801.pdf",
    "updatet_at": "2026-02-10T19:33:00",
    "levels": []
  },
  {
    "madeIn": "SCESI UMSS",
    "semester": "1/2026",
    "support": "@willypaz243",
    "path": "2026-01",
    "code": 339701,
    "name": "QUIMICA (ING)",
    "url": "http://sagaa.fcyt.umss.edu.bo/pre_academico/horarios/339701.pdf",
    "updatet_at": "2026-02-10T19:30:00",
    "levels": []
  },
  {
    "madeIn": "SCESI UMSS",
    "semester": "1/2026",
    "support": "@willypaz243",
    "path": "2026-01",
    "code": 389701,
    "name": "QUIMICA (LIC)",
    "url": "http://sagaa.fcyt.umss.edu.bo/pre_academico/horarios/389701.pdf",
    "updatet_at": "2026-02-10T19:30:00",
    "levels": []
  },
  {
    "madeIn": "SCESI UMSS",
    "semester": "1/2026",
    "support": "@willypaz243",
    "path": "2026-01",
    "code": 419701,
    "name": "SISTEMAS",
    "url": "http://sagaa.fcyt.umss.edu.bo/pre_academico/horarios/419701.pdf",
    "updatet_at": "2026-02-10T19:31:00",
    "levels": []
  },
  {
    "madeIn": "SCESI UMSS",
    "semester": "1/2026",
    "support": "@willypaz243",
    "path": "2026-01",
    "code": 411702,
    "name": "SISTEMAS (NUEVO)",
    "url": "http://sagaa.fcyt.umss.edu.bo/pre_academico/horarios/411702.pdf",
    "updatet_at": "2026-02-10T19:31:00",
    "levels": []
  }
]